post_id,subreddit,timestamp,title,selftext,score,num_comments,author,label,text_hash,is_self_report,selftext_cleaned,word_count,sentiment_score
1kpqraw,depression,2025-05-18T18:26:21,Yesterday was rough,"Times like yesterday I feel alone. 

My day started off okay and I went to the farmers market alone. I was food shopping and used my food stamps, but I ran out so I paid for stuff with my debit card. 

Then I thought ""well its Saturday so I'll use instacart and Uber eats to make up""

I went home, did my psychology midterm and thought I did well. I scored 66%. 

So I made a sandwich, then went to Costco to do instacart. I got an order for 7 items. There was a bag of chips the customer wanted but wasn't avaliable. I messaged the customer and showed pictures of replacements. She picked one but it cost more. 

I went to the checkout. The debit card for instacart didn't work. Over and over. The lady in line behind me started yelling at me. I tried to calmly explain the situation to her. There was a long line behind me

I stepped aside and contacted instacart support. They said they fixed the problem. I tried the card again. It didn't work again. 

I stood there for an hour trying to fix it. I was losing time and not getting paid so I finally gave up, trying to get back to work on Uber eats during the dinner time surge. 

I messaged the customer and support. Nothing worked. I kept getting messages from the customer and I tried to explain I wasn't able to cancel on my end. She wasn't able to cancel on hers either.

So I started doing Uber eats. My first order, I literally saw a guy heating up a meth pipe outside of the restaurant I was picking up from. After I left, I called the restaurant to tell them.

My second order, I locked my keys in my car. My car has a keyless entry. So this normally doesn't happen. I returned the food to the restaurant and called a few friends to see if they could help me open the door. They weren't available. I was on the phone with a locksmith then the cashier asked if I had a spare. I do.

I called my aunt because she has the spare fob. She rejected my call three times. (She knows I don't agree with her lifestyle of being abusive to her kids). 

So I called my grandma (she and my aunt live together). And my grandma answered, I asked if she could bring me the fob (she lives maybe 20 mins from where I was). She said she can bring it if I can give her gas money. I said sure. I was already stressed out about finances but SURE. 

I didn't have cash so I walked across the street to the gas station because they probably had an ATM. As i was crossing the crosswalk, two guys were mid road rage and fist fighting. One guy almost hit me with his truck as he was about to leave. 

Panicked, I ran into the gas station and told them to call the cops. They said if its not in their parking lot they don't care. (I used to live in this area and im so glad I don't anymore). 

I got the money from the ATM. I walked back to the restaurant. I sat inside because it was windy and I was cold. I felt hopeless. But I brought my biology study guides in my bag so if the food wasn't ready, I could study. That's what I did. I tried to focus on things that were in my control. 

After about 40 mins my grandma showed up. The fob was in her hand but she didn't give it to me until after I gave her gas money. Ugh. 

Then I got another Uber eats order and delivered it. I needed gas so I stopped at a gas station. Then I wasn't getting more orders (it was about 9:30) and I just cried. 

I feel fine as an independent woman until days like that happen. Just. Ugh. 

Theres 3 weeks left in the semester and my highest grade is a 79%. I shouldn't have taken 15 credits this term. I feel stupid. ",3.0,0.0,Tasty_Fill_1547,Moderate MDD,5f73a0e69693bc2a5a19a0e3001208f9c4b30b695f185ebb9656e088d1ea19d9,True,times like yesterday feel alone day started okay went farmers market alone food shopping used food stamps ran paid stuff debit card thought well saturday ill use instacart uber eats make went home psychology midterm thought well scored made sandwich went costco instacart got order items bag chips customer wanted wasnt avaliable messaged customer showed pictures replacements picked one cost went checkout debit card instacart didnt work lady line behind started yelling tried calmly explain situation long line behind stepped aside contacted instacart support said fixed problem tried card didnt work stood hour trying fix losing time getting paid finally gave trying get back work uber eats dinner time surge messaged customer support nothing worked kept getting messages customer tried explain wasnt able cancel end wasnt able cancel either started uber eats first order literally saw guy heating meth pipe outside restaurant picking left called restaurant tell second order locked keys car car keyless entry normally doesnt happen returned food restaurant called friends see could help open door werent available phone locksmith cashier asked spare called aunt spare fob rejected call three times knows dont agree lifestyle abusive kids called grandma aunt live together grandma answered asked could bring fob lives maybe mins said bring give gas money said sure already stressed finances sure didnt cash walked across street gas station probably atm crossing crosswalk two guys mid road rage fist fighting one guy almost hit truck leave panicked ran gas station told call cops said parking lot dont care used live area im glad dont anymore got money atm walked back restaurant sat inside windy cold felt hopeless brought biology study guides bag food wasnt ready could study thats tried focus things control mins grandma showed fob hand didnt give gave gas money ugh got another uber eats order delivered needed gas stopped gas station wasnt getting orders cried feel fine independent woman days like happen ugh theres weeks left semester highest grade shouldnt taken credits term feel stupid,330,-0.9315
1kpu29v,depression,2025-05-18T20:48:15,Struggling with loneliness and not feeling loved,"Hello, everyone. I've been struggling a lot with feeling lonely and unwanted as of late and overall just having a difficult time feeling like i'm loved or cared about. I get the ""I love you"" messages from family, but they all just sound hollow and meaningless and devoid of actual love. I've tried reaching out to friends, but I haven't been getting any responses lately. Cuz of all this I'm just spending most of my time holed up in my bedroom not really doing anything.

I don't want to let these feelings get the better of me, but they're currently winning and I don't know what to do. If any of y'all have any advice on how to deal with this, I'd greatly appreciate it. ",4.0,2.0,XenobladeAndBirbs314,Moderate MDD,b6df575cf294c43685da5e4271ca34d1beb14ba18d72b0f9cf7e9f55d88ae119,True,hello everyone ive struggling lot feeling lonely unwanted late overall difficult time feeling like im loved cared get love messages family sound hollow meaningless devoid actual love ive tried reaching friends havent getting responses lately cuz im spending time holed bedroom really anything dont want let feelings get better theyre currently winning dont know yall advice deal id greatly appreciate,60,0.977
1kq4rv0,depression,2025-05-19T06:20:25,The reality of how people with depression are really treated nowadays,"Hi
In this post I wanted to share my experience, Im not labeling myself because im not fully diagnosed yet, but I struggle so much with existential problems, unhealed traumas and toxic environment. People describe me as energized person, bubbly, happy etc. And usually I am, but I often just suffer in silence when alone, and for survival reasons, I learned to hide my pain. As a kid when I wanted to share problems, ucomfortable emotions, my parents mostly didnt react or just pushed these away and didnt work it through. When I was also young my sister was so horrible to me, she abused me. My doctor says I could develop neurosis. 

But lets get back to the topic, now i will talk about how i was treated when i needed empathy and support the most and it wraps to the one word: Trash
Like the way I got to know this side of people is just crazy, even when depression and more of mental illneses arent rare topic, I still think that people dont know and dont give a damn about it at all. I also think I experienced the worst, the amount of abuse is sick when all I wanted was to be comforted from people that were my „friends”
I often got blamed that I even have needs, and that I need too much, the blame was always by my side not the other way around. I cant count how many hurtful words I got in the most vulnerable time in my life
So, heres my advice i guess?
Find a good therapist who will actually listen to you, dont talk to all of your friends only to the people you fully trust because it only makes more damage than it actually is.. i wouldnt wish this crap to my worst enemy",8.0,1.0,ExpertExpert8151,Moderate MDD,8775b988d39fd604df60d021419e2be94237c606b1e4b04fc1b0c06c1bac1d5f,True,hi post wanted share experience im labeling im fully diagnosed yet struggle much existential problems unhealed traumas toxic environment people describe energized person bubbly happy etc usually often suffer silence alone survival reasons learned hide pain kid wanted share problems ucomfortable emotions parents mostly didnt react pushed away didnt work also young sister horrible abused doctor says could develop neurosis lets get back topic talk treated needed empathy support wraps one word trash like way got know side people crazy even depression mental illneses arent rare topic still think people dont know dont give damn also think experienced worst amount abuse sick wanted comforted people friends often got blamed even needs need much blame always side way around cant count many hurtful words got vulnerable time life heres advice guess find good therapist actually listen dont talk friends people fully trust makes damage actually wouldnt wish crap worst enemy,149,-0.9965
1kpovmr,depression,2025-05-18T17:06:58,Is this another episode?,"Last year I went through a really deep depressive episode that lasted several months, I was not functioning at all. Then I started Wellbutrin and it saved me. This year I started uni after dropping out, and some days ago I had a mini breakdown in where I started crying (I don't cry usually when I'm okay, and I've been unmotivated) then I became more stable and hadn't cried since then. The problem is I'm really afraid of going to another depressive episode like last year because I don't know if I can't handle it, I hope I just had a bad day. Tomorrow I have an psychiatrist appointment in Wich i'll ask for upping my trillentix dose and maybe go back to Wellbutrin (I stopped taking it after I went on concerta for ADHD).

What you think? I should be concerned?",2.0,0.0,Ok_Competition_4071,Moderate MDD,96ed53a4b6632a0582e4a8ac5a4fe82a13a18215f2cea12efa2e777525a89f3a,True,last year went really deep depressive episode lasted several months functioning started wellbutrin saved year started uni dropping days ago mini breakdown started crying dont cry usually im okay ive unmotivated became stable hadnt cried since problem im really afraid going another depressive episode like last year dont know cant handle hope bad day tomorrow psychiatrist appointment wich ill ask upping trillentix dose maybe go back wellbutrin stopped taking went concerta adhd think concerned,74,-0.4779
1kpkqxj,depression,2025-05-18T14:05:12,Ending it all in one month,"I signed a 6 year contract to leave for navy early July but I never really planned on going. I’m using it as an opportunity to get close with my friends and family before calling it quits the day before I leave for basic. I just want peace in my head. These last couple weeks have been surreal to me. Kind of sad but beautiful at the same time. I love my friends and family and I know they won’t understand but in my notes I’m letting them know how great they were and that there was nothing they could’ve done to prevent it. It’s a weird feeling, I feel so content with my life and ready to go.",2.0,2.0,Accomplished_Dot8210,Moderate MDD,4ff79ed4983490e77a83a9bde5a9011138b1ee27a11ef57ff5cb7d43cf743331,True,signed year contract leave navy early july never really planned going im using opportunity get close friends family calling quits day leave basic want peace head last couple weeks surreal kind sad beautiful time love friends family know wont understand notes im letting know great nothing couldve done prevent weird feeling feel content life ready go,56,0.9883
1kpvsr1,depression,2025-05-18T22:05:07,I hate being lazy because of how depressed I am.,"It feels like nothing changes just days passing by without anything special. I always feel too exhausted to get out of my comfort zone, and having to do so also triggers my nervous system because I’m an anxious person. So yeah, I don’t know… I just feel stuck and can’t seem to move on. My birthday is this month I’ll be turning 19, but I still feel like I’m 17. It feels like time is moving, but I can’t move along with it.",13.0,4.0,Delicious_Style7739,Moderate MDD,f9df90619ba396f2210971ddf5bd8b3dce33ba2eccfbfb5bee402c95e64e4498,True,feels like nothing changes days passing without anything special always feel exhausted get comfort zone also triggers nervous system im anxious person yeah dont know feel stuck cant seem move birthday month ill turning still feel like im feels like time moving cant move along,45,0.702
1kpmzpa,depression,2025-05-18T15:45:33,Sad thoughts at Disneyland,"I guess you could say I have “high functioning depression” but also it doesn’t always feel like I have much of a choice but to be high functioning, and then to spend most of the time I’m not working or doing my masters fully resting (I sleep a lot whenever I can). I have no support net in the country I’m living in currently and no one to fall back on. While I hold down a job I am also riddled with thoughts of passive suicidal ideation and frequently have thought loops about how inadequate I feel. I will also sometimes say out loud, “clearly you are not worthy of love, clearly you are not worthy of having friends or spending time with friends,” because that is my lived reality. 

I went to Disneyland by myself in April. I did enjoy it overall and I decided to approach every character with a reasonable line and even some that had lines up to 45 min long. What was sad was I thought in those 3 days I was being touched by people more in these 3 days (hugs, handshakes, etc) than Ive been touched  by in the past half a year. It’s not that I’m touchy feely but sometimes I’d like to feel that human to human connection but I don’t know how to get instigate it or ask for it, and no one ever touches me (again I mean like a shoulder rub or a hug) so i just thought it was sad when I realized that.",3.0,0.0,Mundane-Fact6861,Moderate MDD,ad5b14e696359986cb8a91d534a3ac9170c034a6ae182c9ba266f5daa2110e50,True,guess could say high functioning depression also doesnt always feel like much choice high functioning spend time im working masters fully resting sleep lot whenever support net country im living currently one fall back hold job also riddled thoughts passive suicidal ideation frequently thought loops inadequate feel also sometimes say loud clearly worthy love clearly worthy friends spending time friends lived reality went disneyland april enjoy overall decided approach every character reasonable line even lines min long sad thought days touched people days hugs handshakes etc ive touched past half year im touchy feely sometimes id like feel human human connection dont know get instigate ask one ever touches mean like shoulder rub hug thought sad realized,117,-0.7147
1kphvxa,depression,2025-05-18T11:35:01,My name doesn’t matter,"**My name doesn’t matter — I’m writing this for myself. At the end of the day, I guess the details are what matter...**

**I’m 23 years old. I’ve never held a job for a long period of time, not for lack of trying. I just haven’t had the luck of getting hired anywhere. I don’t know what’s wrong with me — if I’m saying the wrong things or if it’s my lack of experience. I can’t figure out what’s broken in me. I’m starting to think the problem is that the world has become a sterile, hostile place without a heart. In the 21st century, no one is ever enough. It’s kind of sad.**

**I don’t have many friends, and I’m pretty sure most of them don’t really see me as one. Even though I say it doesn’t bother me, I think it’s starting to leave a mark. I’ve never had a romantic partner — and that** ***does*** **bother me. I don’t know why. I’m not a charismatic guy, but I think I’ve got my charm. And I’m not the most handsome man in the world, but I’m not some hideous creature either.**

**Still, I wouldn’t even know what to do with this thing people call love. I’ve never truly felt it for anyone. I think I’ve gotten close, but the possibility always slips away — because of me or because of others. To be honest, I’m not even looking for it, and I don’t think I want to find it. As painful as that thought might be, I’m very aware that the problem might be me. But I think that, if it’s going to happen, it has to be with someone** ***special*****, or at least someone I see as special.**

**But if the world has taught me anything, it’s that no one seems to be “special.” We all live to chase stupid whims or imaginary goals. And when we finally feel comfortable where we are, the world comes along to remind us that “we’re not special.” I think what makes someone special is how others look at them — through an idealized lens where we’re all perfect and never even fart in their minds.**

**We all have dreams and aspirations, and everyone assumes we’re trying to chase them. But what happens when you don’t even have dreams or goals? In my case, there’s just a void. Like walking in the dark through a house full of furniture with no shoes on — stubbing your toe on every damn obstacle.**

**To speak more about myself, I don’t think I’ve ever truly been “happy.” Sometimes I think back on my past, trying to find something that could make me feel better. But it only depresses me more to see how much time I’ve wasted regretting who I was and how I let others make me feel small. The older I get, the more I realize they didn’t know what the hell they were talking about. They tried to measure me with the same stick they use for themselves, but they don’t even remember who they were ten years ago.**

**I’m writing this so someone might read it, maybe because I feel more and more mentally and physically worn down. I’ve lost my appetite — not just for food but for desire itself. I feel trapped in this game the world plays, and I’m losing. I don’t know if my volatile mind will change from one day to the next and make me feel like I don’t want to keep playing. But for now, I haven’t given up. I’m still trying. Every day.**

**My “friends” see me through a distorted version of myself — one I created, but one I’m finding harder and harder to keep up. They see me as the happy, loud guy who cracks dark jokes and pushes boundaries. But the clown is getting tired of being funny. I feel like no one really knows me. And that destroys me — because if I get too tired of playing, they might say from the deep hole where they’ll bury me that no one ever truly knew me. Just small glimpses of someone who might have been interesting. I guess that’s what relationships are for: so someone can** ***truly*** **know you.**

**I don’t expect to be remembered or have a statue built in my name. I just want to feel like someone knows me the way** ***I*** **know me — and thinks I’m a good person.**

**Despite the loneliness this text may convey, through the few friends I still have, I’ve realized I’m not the only one who feels this way — like I’m not enough. Most of them feel it too. The difference is that they seem to handle it better than I do. At least they don’t self-destruct waiting for the bad news. Then again, I’m not the only one who does that — some do it with food, others with alcohol. And then there’s me, doing nothing, waiting for something to change, and smoking.**

**I wrote this because after a long time, I saw a woman on social media at her most vulnerable — emotionally falling apart as she reflected on adult life. She talked about how hard she’d tried, but how nothing had worked out the way she hoped. And I related to that deeply. She felt like a loser and said something I’ve thought many times: “I’m tired of losing.” I understood her completely.**

**These past two years, ever since depression made its glorious comeback into my life, I’ve felt exactly that way — completely drowned by my failures and obsessed with how little progress I’ve made. I feel like I waste every moment of every day, watching the days pass like hours and the hours like seconds. Knowing that not long ago, I** ***did*** **feel okay — I really thought I was doing well last time. But the world is always there to remind you just how small you really are in the face of its vastness.**

**I feel like my family has left me behind. They care less and less about how I am or how I feel. Except my mom — and it hurts to see her feel so powerless about my current state. I’m sure that, deep down, she has some idea of what I’m going through.**

**And at the same time, I see her so tired, with so many problems and debts. And I feel the same way: powerless to help her. Seeing how the people who used to be unshakable in my life now choose to look the other way, treating me like a parasite. Or worse — like a leper it’s best to stay away from.**

**I never wanted anyone to see me like that. But over the years, I’ve learned to tolerate this kind of judgment. And honestly, I care less and less. Because I believe that if I can make it out of this emotional hole, I’ll have cleansed my life of people who weren’t worth holding in such high regard. And I’ll finally see them for what they are: just people.**

**This is getting too long for something that was meant to be short. I just needed to get my thoughts on paper.**  
**Thank you for reading.**

  
  
",3.0,2.0,Frosty_Bison_587,Moderate MDD,49bb93b2d5d6eb6d14edfb380ea05ba8b10e2e7a94b5dbf708cf94007014a772,True,name doesnt matter im writing end day guess details matter im years old ive never held job long period time lack trying havent luck getting hired anywhere dont know whats wrong im saying wrong things lack experience cant figure whats broken im starting think problem world become sterile hostile place without heart st century one ever enough kind sad dont many friends im pretty sure dont really see one even though say doesnt bother think starting leave mark ive never romantic partner bother dont know im charismatic guy think ive got charm im handsome man world im hideous creature either still wouldnt even know thing people call love ive never truly felt anyone think ive gotten close possibility always slips away others honest im even looking dont think want find painful thought might im aware problem might think going happen someone special least someone see special world taught anything one seems special live chase stupid whims imaginary goals finally feel comfortable world comes along remind us special think makes someone special others look idealized lens perfect never even fart minds dreams aspirations everyone assumes trying chase happens dont even dreams goals case theres void like walking dark house full furniture shoes stubbing toe every damn obstacle speak dont think ive ever truly happy sometimes think back past trying find something could make feel better depresses see much time ive wasted regretting let others make feel small older get realize didnt know hell talking tried measure stick use dont even remember ten years ago im writing someone might read maybe feel mentally physically worn ive lost appetite food desire feel trapped game world plays im losing dont know volatile mind change one day next make feel like dont want keep playing havent given im still trying every day friends see distorted version one created one im finding harder harder keep see happy loud guy cracks dark jokes pushes boundaries clown getting tired funny feel like one really knows destroys get tired playing might say deep hole theyll bury one ever truly knew small glimpses someone might interesting guess thats relationships someone truly know dont expect remembered statue built name want feel like someone knows way know thinks im good person despite loneliness text may convey friends still ive realized im one feels way like im enough feel difference seem handle better least dont selfdestruct waiting bad news im one food others alcohol theres nothing waiting something change smoking wrote long time saw woman social media vulnerable emotionally falling apart reflected adult life talked hard shed tried nothing worked way hoped related deeply felt like loser said something ive thought many times im tired losing understood completely past two years ever since depression made glorious comeback life ive felt exactly way completely drowned failures obsessed little progress ive made feel like waste every moment every day watching days pass like hours hours like seconds knowing long ago feel okay really thought well last time world always remind small really face vastness feel like family left behind care less less feel except mom hurts see feel powerless current state im sure deep idea im going time see tired many problems debts feel way powerless help seeing people used unshakable life choose look way treating like parasite worse like leper best stay away never wanted anyone see like years ive learned tolerate kind judgment honestly care less less believe make emotional hole ill cleansed life people werent worth holding high regard ill finally see people getting long something meant short needed get thoughts paper thank reading,592,0.9857
1kpx7a3,depression,2025-05-18T23:11:38,I can’t take it anymore,"It’s getting way too hard. I have been struggling with depression my whole life, since I was a child I remember constantly experiencing life through a sad and dull lens and genuinely do not think I’ve ever experienced happiness at a constant rate. I am falling really behind in university and was planning to finish at the end of this year then move to Paris but I don’t know if that will be a reality. I’m 21 and have a 20,000 dollar bank loan from when I went on exchange last year. I am in a strict conservative Muslim household and I’m gay, I’ve hidden it for years but last week my mother found my diary and read it all. No one at home has really spoken to me. I’m so ficking depressed and nothing makes me happy, it’s so hard to get out of bed and I use the future and have always used the future as motivation to keep going but every day it’s becoming less and less motivating and I just want to end the suffering. There is so much more to this but I am constantly so tired I can’t even bring myself to finish this message. I am so poor and my parents work so hard to barely make ends meet - there is just nothing good in this life right now.",4.0,2.0,thoughtdumper33,Moderate MDD,5b7643eb6bc87691a37e09c1e21723160c8fac74a23798db218c5c2953ae6d8e,True,getting way hard struggling depression whole life since child remember constantly experiencing life sad dull lens genuinely think ive ever experienced happiness constant rate falling really behind university planning finish end year move paris dont know reality im dollar bank loan went exchange last year strict conservative muslim household im gay ive hidden years last week mother found diary read one home really spoken im ficking depressed nothing makes happy hard get bed use future always used future motivation keep going every day becoming less less motivating want end suffering much constantly tired cant even bring finish message poor parents work hard barely make ends meet nothing good life right,110,-0.9863
1kq88rx,depression,2025-05-19T10:24:32,"Could this be depression, or is it just me being too hard on myself?","I don’t have access to therapy or professional mental health support right now, but I’ve been wondering if what I’m going through might be some form of depression or if it’s just me being overly self critical.

Most days, I feel this deep heaviness in my chest or gut. It’s not exactly sadness all the time more like a mix of sadness, disappointment and self hatred. I often feel like I’m not good enough because of failures. Sometimes I get very angry with myself, to the point where I physically hurt myself. On those days, I feel hopeless and worthless, and I can’t bring myself to do anything. I always feel I am not good enough due to me being in a competitive field like CS or Math which whatever I do won't be enough.

Other times, I’m just numb and tired, like I’ve lost interest in everything. Then, maybe once every few weeks or months , I’ll have a random good day where everything feels okay, I feel light, calm, almost like a different person. But it never lasts, and the next day I’m back to that heavy, angry, or empty state.

I’m not sure if this is depression or just me being stuck in my head too much. I don’t want to self-diagnose, but I also can’t shake the feeling that something is wrong. Has anyone experienced something like this?",3.0,1.0,Responsible_Room_629,Moderate MDD,4c7ada5474116a30e252282305835e046cffd73d995cdb115fd20c867a1f4415,True,dont access therapy professional mental health support right ive wondering im going might form depression overly self critical days feel deep heaviness chest gut exactly sadness time like mix sadness disappointment self hatred often feel like im good enough failures sometimes get angry point physically hurt days feel hopeless worthless cant bring anything always feel good enough due competitive field like cs math whatever wont enough times im numb tired like ive lost interest everything maybe every weeks months ill random good day everything feels okay feel light calm almost like different person never lasts next day im back heavy angry empty state im sure depression stuck head much dont want selfdiagnose also cant shake feeling something wrong anyone experienced something like,122,-0.993
1kq2hzf,depression,2025-05-19T03:55:20,Lexapro vs Zoloft,"Which medicine has been better for you in terms of less side effects & overall improvement with depression?

I tried Wellbutrin but it gave me terrible anxiety — so I really don’t want to take anything if it gives me more anxiety. That was a horrible experience 0/10",2.0,3.0,hodricktot,Moderate MDD,423b0f44a15e687f84bcb79e16a60a756b60a79c3db4db589dc1dd22299577f3,True,medicine better terms less side effects overall improvement depression tried wellbutrin gave terrible anxiety really dont want take anything gives anxiety horrible experience,23,-0.8995
1kps7bv,depression,2025-05-18T19:28:10,I regret not ending my Iife last month.,"
I have no sociai life, I am 21 and live a loneIy existence. I disIike Iooking at myseIf and often feeI like a faiIure. I have no famiIy or friends at all. I have never had a Girłfrienďl, and it feeI Iike l'm mereIy existing around others without being noticed. My sociaI anxiety and autism contribute to this IoneIiness, making me feeI really aIone among peopIe. LoneIiness has taken over my Iife.

For the past year, I've made efforts to change things by attending sociaI events Iike gatherings and bars, but I've had no success. l thought l could even try to find onIine friends but usualIy ghosting happens though. When I try to get to know someone, they don't even engage In conversation. I'm just chatting and trying. So just My routine consists of going to colIege, working, and then returning home just cycIe in my free time I tend to pIay games seems to be the onIy distraction and thing I can only enjoy whiIe being aIone I realIy don't feeI Iike I'm Iiving, I just exist no better than just being dead honestIy. It doesn't help that my famiIy doesn't appear to want me around, and I don't have any reIatives to spend time with regardIess",2.0,3.0,Numcision703,Moderate MDD,bd131fc92b862a9d5e8c00b8971651dd277ef8f59c86179d6e45556c1cc90a1f,True,sociai life live loneiy existence disiike iooking myseif often feei like faiiure famiiy friends never girfrienl feei iike lm mereiy existing around others without noticed sociai anxiety autism contribute ioneiiness making feei really aione among peopie loneiiness taken iife past year ive made efforts change things attending sociai events iike gatherings bars ive success l thought l could even try find oniine friends usualiy ghosting happens though try get know someone dont even engage conversation im chatting trying routine consists going coliege working returning home cycie free time tend piay games seems oniy distraction thing enjoy whiie aione realiy dont feei iike im iiving exist better dead honestiy doesnt help famiiy doesnt appear want around dont reiatives spend time regardiess,120,-0.8786
1kq7lc1,depression,2025-05-19T09:41:08,i should’ve died a long time ago.,"i cant stand being alive anymore. life feels so bleak. its not like i didnt try my best. i gave my all to my partner, to my family, to trying to survive, it just proves to be pointless. they just hurt me over & over.

i wish my first attempt didnt fail, & i wish i actually went through with trying a second time, instead of being a coward.

i dont know what is going to happen to me in the near future. i dont know where my life will go. i just feel that its hopeless for me.",9.0,5.0,555nini,Moderate MDD,f0e7312a354211457034af9f994b261396b37250aa296c1b7fa10442f52878fe,True,cant stand alive anymore life feels bleak like didnt try best gave partner family trying survive proves pointless hurt wish first attempt didnt fail wish actually went trying second time instead coward dont know going happen near future dont know life go feel hopeless,44,-0.8322
1kq0vd2,depression,2025-05-19T02:23:26,Making some headway (filthy house),"I don’t really have anyone to share with, so I figured I would share with you guys. Finally starting to come out of my depression and did some house work. For so long I’ve felt that I was too far gone. We are not too far gone. I’ll keep updates and post more pictures. (Wait I can’t post pictures)? ",3.0,1.0,No-Proposal-7722,Moderate MDD,955a4e068afdd2d14114bb79f716b971bd827836a96ba9d29acc547e73549f1b,True,dont really anyone share figured would share guys finally starting come depression house work long ive felt far gone far gone ill keep updates post pictures wait cant post pictures,30,-0.0772
1kq2gio,depression,2025-05-19T03:52:51,I don’t know what to do with all the pain,"I (22F) feel betrayed, a lot of things have happened in the past month but long story short, I made myself too available and spent money for someone who had no intentions of taking me serious because I have been lonely for a long time and being excited about someone felt good and less lonely. 

When this happened I felt overwhelming emotions, I was angry and didn’t know what to do with all the anger so I went and bought drugs and drove home and took them everytime I felt pain. The drugs didn’t help and I ended up crying for 4 hours, I was tired but couldn’t sleep because I couldn’t stop crying and I still can’t. 

I’ve had depression for years and are now taking medication. I’m so mad I feel so much pain, like all the pain that was suppressed by my medication has surfaced and I don’t know what to do. I feel like I’m going to go crazy. I thought of OD’ing, drinking myself to sleep, just anything to take the pain away. ",2.0,0.0,Top_Pudding_6559,Moderate MDD,6187c4b158457dcd148e04bd5fb47db9a8e2d7d2811f9c2cda54a9a295b18f38,True,f feel betrayed lot things happened past month long story short made available spent money someone intentions taking serious lonely long time excited someone felt good less lonely happened felt overwhelming emotions angry didnt know anger went bought drugs drove home took everytime felt pain drugs didnt help ended crying hours tired couldnt sleep couldnt stop crying still cant ive depression years taking medication im mad feel much pain like pain suppressed medication surfaced dont know feel like im going go crazy thought oding drinking sleep anything take pain away,90,-0.9947
1kq3su9,depression,2025-05-19T05:15:17,Out of ideas,"I've done all I know how to do.  In a desperate attempt to find ideas, I'm turning to you all. 

My sister (35, divorced mother of 2) is struggling in a major way. Has been for many years. She's suffered from a variety of traumatic experiences over the years including sexual abuse, alcoholism, and depression. I suspect she's possibly bipolar, but I'm not sure it was ever diagnosed...she goes through short, manic highs followed by increasingly severe lows. She's sober still, but threatens to start again. She's constantly posting suicidal poems and anger-filled wallowing social media posts with little to no response. She's been to therapy and tried a few different medications over the years. Nothing has stuck. 

She refuses to seek therapy again. She refuses to consider medication. Her anger and hurt are creating more and more distance between her and everyone around her. I've tried every aspect of support, active listening, family talks, one on one, a tender hand and a stern one. It's been over a decade. She's completely given up, she's tired and so accustomed to this way of thinking, her brain won't accept any possibility of a positive outlook. She's hell bent on being a martyr for her children, saying she only stays for them. But her presence isn't a positive one and her kids suffer for it.

I love her, but I'm at a loss. Her presence is a black hole. I can't get sucked in anymore. I can't convince her there's anything for her. How do I even communicate with someone that refuses support, refuses love, and dismisses anyone's feelings but her own? I've gone as far as wellness checks and meeting cops at her door. I'm willing to try anything, even if she isn't. Ideas welcome...",2.0,0.0,ydontukissmyglass,Moderate MDD,75911941421014dc19a12ca826615de40e8492381acf3496d8f9410398f8293a,True,ive done know desperate attempt find ideas im turning sister divorced mother struggling major way many years shes suffered variety traumatic experiences years including sexual abuse alcoholism depression suspect shes possibly bipolar im sure ever diagnosedshe goes short manic highs followed increasingly severe lows shes sober still threatens start shes constantly posting suicidal poems angerfilled wallowing social media posts little response shes therapy tried different medications years nothing stuck refuses seek therapy refuses consider medication anger hurt creating distance everyone around ive tried every aspect support active listening family talks one one tender hand stern one decade shes completely given shes tired accustomed way thinking brain wont accept possibility positive outlook shes hell bent martyr children saying stays presence isnt positive one kids suffer love im loss presence black hole cant get sucked anymore cant convince theres anything even communicate someone refuses support refuses love dismisses anyones feelings ive gone far wellness checks meeting cops door im willing try anything even isnt ideas welcome,164,-0.9732
1kpvbld,depression,2025-05-18T21:44:00,I think my depressive episode might be over and I'm lost,"So basically for the last few weeks I've been feeling rather good and I wasn't that depressed. I'm still lonely and burnt out but at least I don't wanna kill myself everyday. I'm kinda lost though because I don't have anything to blame my laziness or whatever on now, now I'm on my own and I'm scared.",2.0,0.0,Mesrszmit,Moderate MDD,aeed58eaeab23087c1db073a79a8551a2feb79ebe6c6afdf2da0989b031465eb,True,basically last weeks ive feeling rather good wasnt depressed im still lonely burnt least dont wanna kill everyday im kinda lost though dont anything blame laziness whatever im im scared,30,-0.2622
1kpzo94,depression,2025-05-19T01:19:14,Good days happen,"I've spent years so depressed I did not function 
I was so down and out 
I use to wear depends because 
I couldn't function 
my depression was that bad
Oh the suicide attempts have been horrid
But now I am medicated, efexxor and wellbutrin and abilify have truly changed my life
Their are good days happening and it's terrifying 😳 😢 it's amazing what a combination of pills can do",2.0,0.0,Aggravating_Ad_1629,Moderate MDD,3aabb2f2c6d55db6e0ca68cd36d7ef59803927ecf081b34791a6f54d88197228,True,ive spent years depressed function use wear depends couldnt function depression bad oh suicide attempts horrid medicated efexxor wellbutrin abilify truly changed life good days happening terrifying amazing combination pills,30,-0.4891
1kq6ykd,depression,2025-05-19T08:56:23,I hate how weak i am,"I cant get mad when people laugh at me because i dont wanna ruined the vibes when they laugh, im always make my teachers disappointed, I've busking all day but it's not enough to help my parents paying shit.

It might be sounds so general but damn i hate how ugly i am... I rarely go to school because I am often tired and have difficulty dividing my time between school and work, which often makes me get scolded by the teachers and one of them even tells me to kill myself. At the same time, there was a classmate of mine who also rarely went to school, but he got different attention because he came from a rich family and was popular because of his appearance... Turns out he was having depression and suicidal thoughts Because his parents want him to study at a college that he doesn't like and also because of love problems with his girlfriend. I feel sorry for him and didn't want to make him look less fucked up than me, but damn! It just not fair...",3.0,1.0,LZ-_,Moderate MDD,7b89745ea7bb64c30fcdf5114a4dc48d000456f685764d2d680f4c73f8610813,True,cant get mad people laugh dont wanna ruined vibes laugh im always make teachers disappointed ive busking day enough help parents paying shit might sounds general damn hate ugly rarely go school often tired difficulty dividing time school work often makes get scolded teachers one even tells kill time classmate mine also rarely went school got different attention came rich family popular appearance turns depression suicidal thoughts parents want study college doesnt like also love problems girlfriend feel sorry didnt want make look less fucked damn fair,87,-0.9939
1kq870s,depression,2025-05-19T10:21:10,Why do be afraid of anything if i consider taking my life?,"I don't know if it belogs to this subreddit, but i hope someone will relate to this and feel/do better.  
So some time ago i lost my job(wasn't even my fault) which i loved, still cant find a new one. I'm studying in uni which i hate and i will probably fail in this semester, i don't have much friends and on top of that all i'm completely directionless. So i have been having a lot of suicidal thoughts because of this all.

But one evening, as I sat in front of the screen and thought about how I could finally  end myself, I realized something: if i will die anyway, then why should i care about things i used to worry about? Why i'm afraid of asking somebody out, doing something dangerous, risky, ambitious? Why i think all this everyday things is scarier than putting myself to an end?  

If i don't care anymore, then i will at least have big fun time before an end conquering my own fears and doing something i was afraid to do before. It doesn't mean that i will completely destroy my life for sake of having fun(i won't take dr\*gs even in this scenario for example), but something like fear of interview or other things that made my soul sink before just don't hit anymore. Because it seems like nothing in comparsion with my own end.

I'm pretty sure that this way of thinking will drastically improve my life and mental stability. This won't help me immediately and i will still face my dark thoughts sometimes, but hey, after taking this path i may finally reach light at the end of the tunnel and become happy.

I hope at least one person will get something useful from my words. I wish all of you to get better and win this battle.",2.0,0.0,BigBackground9333,Moderate MDD,63c4f779f4b06173a9ba3cabe996729f5f7f8e8f056314fd44893921eb9dac14,True,dont know belogs subreddit hope someone relate feeldo better time ago lost jobwasnt even fault loved still cant find new one im studying uni hate probably fail semester dont much friends top im completely directionless lot suicidal thoughts one evening sat front screen thought could finally end realized something die anyway care things used worry im afraid asking somebody something dangerous risky ambitious think everyday things scarier putting end dont care anymore least big fun time end conquering fears something afraid doesnt mean completely destroy life sake funi wont take drgs even scenario example something like fear interview things made soul sink dont hit anymore seems like nothing comparsion end im pretty sure way thinking drastically improve life mental stability wont help immediately still face dark thoughts sometimes hey taking path may finally reach light end tunnel become happy hope least one person get something useful words wish get better win battle,152,0.9228
1kpl5et,depression,2025-05-18T14:23:23,I have nothing going for me,"Everyone else has so much. They have friends, good looks, potential for success, and are so happy. I’m overweight, unattractive, not a naturally kind person, depressed from a very young age, no friends im close with and no best friend. The one person in my entire life that has ever actually somewhat seen me and that I’ve felt remotely at peace with is not in my life anymore. I’m terrified of vulnerability but all I want is for someone, even just one singular person to understand me and not just see the bad in me. Everyone thinks that im such a mean person because I always have my guard up, but im just so scared of being vulnerable with my emotions and getting hurt by people. I always tell myself that im fine with being alone but part of me just wants someone to see me in a good light for once",3.0,5.0,loverofhazel,Moderate MDD,a6b12fd66c8996c731d999568b3417ec814fd1cab58eaf0247effb154b2cde6d,True,everyone else much friends good looks potential success happy im overweight unattractive naturally kind person depressed young age friends im close best friend one person entire life ever actually somewhat seen ive felt remotely peace life anymore im terrified vulnerability want someone even one singular person understand see bad everyone thinks im mean person always guard im scared vulnerable emotions getting hurt people always tell im fine alone part wants someone see good light,74,-0.9502
1kq0b0h,depression,2025-05-19T01:53:48,Does it ever get better?,"TRIGGER WARNING FOR DEPRESSIONS (Obviously), SH AND SUICIDE.

I dont remember what its like to enjoy things. I cant get out of bed on most days and when I do I cant do anything I used to enjoy. The only thing I can kinda enjoy is smoking and going on a walk but I cant even do that cause Im too broke to keep smoking. Sh also makes me feel good. Sex also feels good ig. 

I was developing my own video game for a while and I made some progress but I just dont have the motivation to keep working on it. I can play video games or watch movies anymore either. All I do is sit it bed and sometimes talk to my friend (who's really supportive and Im so lucky to have him).

Im on prozac and propranolol rn but all they've done is worsen my sleeping problems and reduce my apetite. Ive only been on them for 3 weeks so its probably gonna take more time to work and its the third antidepressant ive been prescribed so I really hope this one is better.

I cant stop thinking abt trying to end it. I keep trying and failing but Im making progress. I dont even wanna get better anymore cause this seems way easier. Im just waiting for the wounds from my last attempt to heal so I can try again. Running out of scalpel blades and my pharmacist is starting to be freaked out by how often I keep buying bandages.

Im sure this question gets asked all the time but I just cant take it anymore and its only getting worse so I just dont think it can get better from here. I wanna end it so bad, I just cant fucking take it anymore. Please, god, I fell like shit and I dont wanna keep trying. I just want it to end. I dont remember what it feels like to be happy. Sorry for the rant.",2.0,2.0,Laughing_Main1963,Moderate MDD,3ccb03ab10c9e475e9242d0438b7cb906650116fa47af6f7ecc0dcc95955cdef,True,trigger warning depressions obviously sh suicide dont remember like enjoy things cant get bed days cant anything used enjoy thing kinda enjoy smoking going walk cant even cause im broke keep smoking sh also makes feel good sex also feels good ig developing video game made progress dont motivation keep working play video games watch movies anymore either sit bed sometimes talk friend whos really supportive im lucky im prozac propranolol rn theyve done worsen sleeping problems reduce apetite ive weeks probably gonna take time work third antidepressant ive prescribed really hope one better cant stop thinking abt trying end keep trying failing im making progress dont even wanna get better anymore cause seems way easier im waiting wounds last attempt heal try running scalpel blades pharmacist starting freaked often keep buying bandages im sure question gets asked time cant take anymore getting worse dont think get better wanna end bad cant fucking take anymore please god fell like shit dont wanna keep trying want end dont remember feels like happy sorry rant,173,0.9839
1kq34g5,depression,2025-05-19T04:32:18,Slept 14 hours today. It was amazing,"I’ve found myself in a cycle where I wake up, work, take a nap after work, go to the gym, and watch documentaries until I go back to sleep. Repeat every day.

Today I spent the entire day in between wakefulness and sleep. I thought I wasn’t falling asleep, but then would check the clock and three hours would pass.

Sleep obsession seems to be my best path to speeding my life up. It’s less committal than suicide and doesn’t result in devastation to people close to me. It’s really just a silent death.

Maybe sleep is a constructive way to both buy time and speed it up.",35.0,3.0,huehefner23,Moderate MDD,67d1d77a4d13ee96acb272582a2f328e44d35a657f0786ab01dad2b3cf48b71a,True,ive found cycle wake work take nap work go gym watch documentaries go back sleep repeat every day today spent entire day wakefulness sleep thought wasnt falling asleep would check clock three hours would pass sleep obsession seems best path speeding life less committal suicide doesnt result devastation people close really silent death maybe sleep constructive way buy time speed,60,-0.9261
1kpzsbd,depression,2025-05-19T01:25:09,"Home renovation has gone so bad, IDGAF anymore how this goes.","It’s been problem after problem, got burned by contractors that didn’t do things the right way, now I got a Ted tag on the home, city wants to inspect the home. Three weeks ago, I had suicidal thoughts on this home, now, I’m on the hook for a $200k loan on this home and my current thoughts are “who cares, nothing has gone right, it’s a money pit…why should I care”. This home has mentally drained me that I just sit at home now, in my own head thinking 24/7 what else could go wrong…",4.0,0.0,MixBrilliant7444,Moderate MDD,45528fba9d206d65668c79c9084f15dc0820488511d340e4b13e7cbc8771ecec,True,problem problem got burned contractors didnt things right way got ted tag home city wants inspect home three weeks ago suicidal thoughts home im hook k loan home current thoughts cares nothing gone right money pitwhy care home mentally drained sit home head thinking else could go wrong,48,-0.8555
1kpwhje,depression,2025-05-18T22:36:33,I can’t take it anymore,I think I’m going to kill myself soon. I would’ve already done it but too many people love me. I wish they didn’t so I could end it peacefully. Everything sucks so much.,4.0,1.0,ProbablyJamesLive,Moderate MDD,2b22bb7e682d6506ee486057e7c4d9e5710253c3fc927e201cdbea2e153ce436,True,think im going kill soon wouldve already done many people love wish didnt could end peacefully everything sucks much,19,0.8705
1kphnfp,depression,2025-05-18T11:20:34,I don't understand it (rant/vent),"I just don't get it. The cycle of knowing that you are not doing the things that you are supposed to be doing (taking more sun, eating better, drinking water...) and not doing them because you just don't have the energy to care about them anymore. I don't understand why the solution is ""go to therapy!"" when you can't even afford. I can´t even get a job because I don't even care about applications or the future in general. I can't even brush my teeth or put on my glasses and you want me to organize my curriculum and send out aplications? ""There are cheaper options!"" and you think I have the energy to find them and go through the process? 

I am not sad, I don't have the energy to do stuff. I don't go out with friends to have fun and you want me to work?! 

""Oh so you don't want help, then""

See, this is more honest. It's not that I don't want help, it's that the help you are giving me is telling me to do the things that I know I should do but can't precisely because of my condition. It's like telling an leg amputee to go walk to the nearest clinic to get treated for their chronic pain. HOW ARE THEY GOING TO WALK? WITH WHICH LEGS? People carry them there, get them treated and help them with recovery. People won't pay for your therapy (and they shouldn't), people can't go inside your brain and help you fight the negative thoughts, people won't give you a job (and they shouldn't)... It's hellish, just absolutely infernal to live with this shit.

And the worst part is having small moments of strength where you go out for class for the first time in weeks and then you find out that you are absolutely useless and haven't cultivated the skills needed to keep up because, surprise!, rotting in bed all day makes sure you don't develop as you should be. So you lag behind, feel worthless and now besides that empty void of ""nothing matters"" is the adition of ""and even if something did, I wouldn't be able to contribute"". This is precisely the pipeline that leads one from passive depression to so many dark places, this awareness of who you are slowly becoming and how impotent you feel to stop the trainwreck.

I hope you all get through this, because I sure don't know if I will.",1.0,0.0,ShawnKestern,Moderate MDD,4438e53509d2d0c6aff73db7ba21f325bbe1ff3d98115038c6f652766bda563b,True,dont get cycle knowing things supposed taking sun eating better drinking water dont energy care anymore dont understand solution go therapy cant even afford cant even get job dont even care applications future general cant even brush teeth put glasses want organize curriculum send aplications cheaper options think energy find go process sad dont energy stuff dont go friends fun want work oh dont want help see honest dont want help help giving telling things know cant precisely condition like telling leg amputee go walk nearest clinic get treated chronic pain going walk legs people carry get treated help recovery people wont pay therapy shouldnt people cant go inside brain help fight negative thoughts people wont give job shouldnt hellish absolutely infernal live shit worst part small moments strength go class first time weeks find absolutely useless havent cultivated skills needed keep surprise rotting bed day makes sure dont develop lag behind feel worthless besides empty void nothing matters adition even something wouldnt able contribute precisely pipeline leads one passive depression many dark places awareness slowly becoming impotent feel stop trainwreck hope get sure dont know,186,-0.9254
1kq0u1h,depression,2025-05-19T02:21:27,I should be happy,"I struggle with MDD, OCD and I feel like there may be something else that I haven’t been able to put my finger on yet.  It might be autism, ADHD or something in that vein.  I’m medicated and in therapy, I have friends, caring and supportive family, a roof over my head and food in my fridge.  I live right by the water which I know for a fact is good for me.  

All of this, yet I feel so guilty for no reason.  I feel so unbelievably unhappy and when I try to check myself and realize how good I have it, I only feel more guilty for not being happy despite it all.  I think there’s just something missing.  It could be a partner, sure, the dating scene is pretty bad and the only thing I know I want in this life is to be a parent.  I’m fiercely independent on top of that so I don’t really need a partner right now.  

I just got a promotion, too.  I’ve never had one and I finally did and my whole team has been so supportive of me, I’ve had glowing reviews from upper management, and I got one hell of a raise.  I got an offer to work for another place as well for some extra hours from the people I dog sit for because they really like me.  It’s getting warmer too, and I love summer.  All of this feels good, and yet I can’t seem to be happy.  I just feel so empty.

Advice is welcome, though I seem to be really good at convincing myself that I already know anything anyone could say to me, and rationalizing why certain methods or ways of thinking don’t or can’t apply to me.  Despite it all, I will always listen to any advice that comes my way.",2.0,0.0,Strict-Ambition9349,Moderate MDD,c58540b454eacbaa179cba5dc5db929d2662e45abb50b3523e440ebe4ce6ca4a,True,struggle mdd ocd feel like may something else havent able put finger yet might autism adhd something vein im medicated therapy friends caring supportive family roof head food fridge live right water know fact good yet feel guilty reason feel unbelievably unhappy try check realize good feel guilty happy despite think theres something missing could partner sure dating scene pretty bad thing know want life parent im fiercely independent top dont really need partner right got promotion ive never one finally whole team supportive ive glowing reviews upper management got one hell raise got offer work another place well extra hours people dog sit really like getting warmer love summer feels good yet cant seem happy feel empty advice welcome though seem really good convincing already know anything anyone could say rationalizing certain methods ways thinking dont cant apply despite always listen advice comes way,145,0.9716
1kpstvp,depression,2025-05-18T19:54:59,Why do I feel so numb?,Felt numb for weeks. I feel as if I’m just existing and it’s painful. The numbness is painful. ,2.0,1.0,strawberryysh0rtcake,Moderate MDD,acf86c12b7d987eaec13dbb8f55afc74fa1b81f128a0117dfcbbd63c8fa759e0,True,felt numb weeks feel im existing painful numbness painful,9,-0.8519
1kpukyr,depression,2025-05-18T21:10:48,"Am i done, is this it?","It's been 5 years of doing all i can to save my life. I inveated my time, energy and money to make some! progress but here I am, nothing is better i think it has actully gotten worse. 

I have depression which turned into insomnia and night eating (i realized this is my body searching for safety and comfort). I stopped enjoyong literally everything and struggle to do basic things. 

I live alone, i moved countriea in these years, peogressed in career, lost more family and havent made any real friendships. I am moving further away from where i always wantwd to be in mu 30ies. 

I am tired, gotten obese, axhaused physically and mentally. I dont recognize myself and my doctora cant offer me aby solutions. Meda dont do much, 4years of therapy sisnt help, i am still going to one but...what for. 

What do i do, i dont want to live.",3.0,1.0,Afraid-Click9605,Moderate MDD,9216ed5f33860ed77b2cd0976f79642a1b92d67574228ffe0940df3543159500,True,years save life inveated time energy money make progress nothing better think actully gotten worse depression turned insomnia night eating realized body searching safety comfort stopped enjoyong literally everything struggle basic things live alone moved countriea years peogressed career lost family havent made real friendships moving away always wantwd mu ies tired gotten obese axhaused physically mentally dont recognize doctora cant offer aby solutions meda dont much years therapy sisnt help still going one butwhat dont want live,78,-0.8416
1kq0qx1,depression,2025-05-19T02:16:58,I am so alone,"I don’t have a single person in my life that I am even remotely close to. No matter how much I ignore how lonely I am, even if I didn’t ignore it, it won’t change anything. In a way it’s my fault because I have pushed everyone I’ve ever known away from me because I am terrified of them seeing me the way I see myself. Being vulnerable in front of others is my biggest fear. I’ve spent years bottling everything up to the point that it makes me feel inferior and weak when I do show vulnerability to anyone, it makes it feel like all of that effort to keep it to myself was for nothing. I hate being vulnerable so much, but part of me yearns so badly for even just one person who sees me as I am and will stay with me even with all my flaws. I’m so guarded to everyone, I’ve acted so cold and tough for so long because im so terrified of anyone getting close to me and seeing me how I really am. Overtime even my resting face has become so mean looking, and everyone tells me it. It sounds dumb, but it hurts. I’ve had that guard up for so long that it’s become part of who I am, I really have become such a pathetic person. I used to be so kind and empathetic but im just utterly apathetic and miserable after all this time. As much as I tell myself im fine with being this alone, I know that’s a lie. I am so painfully lonely. I have literally no one. Even my own family, knowing everything I’ve been through and seeing it firsthand, still doesn’t see me past my coldness. Everything just hurts so bad. All I want is for someone to genuinely love and care for me. All I want in life is someone, anyone, to be willing to get close to me even with how closed off I am. I just want someone to be kind to me without any ulterior motive, someone to see that im hurting so badly, that im more than what I show myself to be. I want someone to stay with me even if I try to push them away, because I want someone to care for me enough to do that. I know I should change and become a better person to be more deserving of that, but it’s just so hard to do that. It’s what I’ve become to know after so long and I just can’t even help it anymore. It’s what im most scared of, but god I just crave companionship and genuine connection more than anything else in life. I can’t even put it into words how badly it hurts. Even in the past when I’ve been “close” with people it’s never been genuine because it’s so difficult for me to be comfortable and put my guard down. I genuinely, wholeheartedly feel like im going to be alone for the rest of my life at this rate. I just want to be understood by someone",4.0,4.0,loverofhazel,Moderate MDD,d58da09b7f17b62b349516c5e2eb78bfab387b470d1c0ce56342f4e554f399ef,True,dont single person life even remotely close matter much ignore lonely even didnt ignore wont change anything way fault pushed everyone ive ever known away terrified seeing way see vulnerable front others biggest fear ive spent years bottling everything point makes feel inferior weak show vulnerability anyone makes feel like effort keep nothing hate vulnerable much part yearns badly even one person sees stay even flaws im guarded everyone ive acted cold tough long im terrified anyone getting close seeing really overtime even resting face become mean looking everyone tells sounds dumb hurts ive guard long become part really become pathetic person used kind empathetic im utterly apathetic miserable time much tell im fine alone know thats lie painfully lonely literally one even family knowing everything ive seeing firsthand still doesnt see past coldness everything hurts bad want someone genuinely love care want life someone anyone willing get close even closed want someone kind without ulterior motive someone see im hurting badly im show want someone stay even try push away want someone care enough know change become better person deserving hard ive become know long cant even help anymore im scared god crave companionship genuine connection anything else life cant even put words badly hurts even past ive close people never genuine difficult comfortable put guard genuinely wholeheartedly feel like im going alone rest life rate want understood someone,230,-0.995
1kpjpb8,depression,2025-05-18T13:14:34,Is Living worth it?,"Im not sure if im overreacting but

I don’t want to die, mortality and losing one’s self is a deep fear of mine but living is just tiring. Im not sure how long I can hold it together. 

I still find some joys in life but but I live the same day over and over. Working towards anything seems fruitless or impossible. Life is only slowly getting worse, one step forward two steps back. I wake up constantly irritated and angry inside. I hate who I am, what I look like and what I do. No skills or hobbies. 

I just want to give up, yet something still wants me to keep going. I can’t take this shit anymore. Im so tired and hurt. ",17.0,12.0,MikesFunnieCaveOfSad,Moderate MDD,92c64f8620bb115ab12152284ab2015ba5df612e809657c95b5e5148bb6f1669,True,im sure im overreacting dont want die mortality losing ones self deep fear mine living tiring im sure long hold together still find joys life live day working towards anything seems fruitless impossible life slowly getting worse one step forward two steps back wake constantly irritated angry inside hate look like skills hobbies want give yet something still wants keep going cant take shit anymore im tired hurt,68,-0.9936
1kpthob,depression,2025-05-18T20:23:25,how do i tell my parents,"Im 14 jears old and i have bin struggling with depression for two years now. I went to a sort of free terapist or something and she thinks I might be bipolar but wants to get a doctor or somethings opinion but im scared to tell my parents. 
Please help me someone.",7.0,9.0,Fit-Situation8325,Moderate MDD,5be87b4a27b5d1d9498a6cf34a8ad92a4218cbfe5777ac44a6fe92571c9b0a6f,True,im jears old bin struggling depression two years went sort free terapist something thinks might bipolar wants get doctor somethings opinion im scared tell parents please help someone,28,0.1036
1kq500u,depression,2025-05-19T06:35:45,It’s happening again-,"I’m starting to get back to that stage again, not wanting to eat, always upset, heart hurts every time I wake up, listening to dsbm on repeat, and not wanting to be here anymore.

I can talk to my therapist about it but I feel like I’ll go BACK to the mental hospital, and I don’t wanna be a burden to my family again.

Really don’t want to speak about how I feel to anyone but I feel so lonely right now that I don’t know what to do.

Summer is starting for me in like a week or two and it’s starting off horribly, school is going to be over but I have to find me a job to stay distracted.

But I don’t even think getting a job would help with how I feel. Like I don’t even know why I’m still here anymore, it feels like I’m doing things for no reason.",1.0,0.0,Borzzy009,Moderate MDD,1370bf8ddac7a8943d91e6b5112506695551d7ef84133211b5bc3b6ae63d34f9,True,im starting get back stage wanting eat always upset heart hurts every time wake listening dsbm repeat wanting anymore talk therapist feel like ill go back mental hospital dont wanna burden family really dont want speak feel anyone feel lonely right dont know summer starting like week two starting horribly school going find job stay distracted dont even think getting job would help feel like dont even know im still anymore feels like im things reason,76,-0.3704
1kq72b8,depression,2025-05-19T09:03:27,hide forever,"everyones staring at me
everyones judging me
everyone thinks i’m ugly
everyone thinks i’m a loser

i always do something wrong
i always say something weird
i’m always in everyones way
i’m not funny enough
i’m not smart enough 
i’m not strong enough
i’m not tall enough
i’m not good enough

please forgive me 
please forget me 
please don’t think about me 
please don’t include me in anything
please just leave me alone forever 

i must isolate to prevent a panic attack
i must isolate to prevent embarrassment 
i must isolate so everyone forgets about me
i must isolate forever 
i must erase any of my footprints on this planet
I’m getting too old to keep isolating 

so i must die 









",1.0,0.0,sadness_forever666,Moderate MDD,9eb637517bcef386731e7ea651c65ae111ee422810cec9b47abb9823ba2706d4,True,everyones staring everyones judging everyone thinks im ugly everyone thinks im loser always something wrong always say something weird im always everyones way im funny enough im smart enough im strong enough im tall enough im good enough please forgive please forget please dont think please dont include anything please leave alone forever must isolate prevent panic attack must isolate prevent embarrassment must isolate everyone forgets must isolate forever must erase footprints planet im getting old keep isolating must die,80,-0.9855
1kpy7k1,depression,2025-05-19T00:01:59,Looking for self care advice/tips.,"I was diagnosed with depression, and a slew of other things, when I was 14. I’m now 28 and I’m still struggling with self care. Things like brushing my hair, and brushing my teeth are the hardest for me. I know it’s not healthy, and really damaging. I’m lucky if I remember to brush my hair once a week, and brush my teeth every few days. I struggle so hard with forming habits and can never make them stick. Do y’all have any tips or tricks to help me be better about this? ",3.0,2.0,BeefTheDobie,Moderate MDD,cae92f037654d5c5c893b0f2b9d6c4c20e27df529f9b06e213a024ade0e15330,True,diagnosed depression slew things im im still struggling self care things like brushing hair brushing teeth hardest know healthy really damaging im lucky remember brush hair week brush teeth every days struggle hard forming habits never make stick yall tips tricks help better,43,-0.3927
1kq60mp,depression,2025-05-19T07:46:38,"Rant because I have no one to rant so I'm turning to r/depression to listen, if anyone will.","I absolutely hate my life. Why? Well let's see... I am so ugly I hate my body. Ideal body in society: Flat toned stomach, sharp chin, small waist, ball joint doll hands, hourglass shape etc. I am: Fat, weird chin shape I can't describe, average waist, hands are not that light, I look at the mirror in disgust. Now I starve/anorexia."" It's because of the damn phone!"" You've said things about my weight before, it's not always because of social media. Mom once showed me a jumper while we were shopping and said it would be cute on me but the waistline is suspcious. I asked, ""What do you mean suspicious?"" And she sarcasticly repeated what I said ""What do you mean?"" while patting my stomach. And mentioned weight multiple times once when we went shopping... It's strange how I would always tell myself to eat what I want because beauty standards are pointless, but I only ate one time today.. it's mostly my mom and society in general but not the Internet..

Every ""friend"" I've ever had is fake or never talks to me. There's this one girl I was friends with who kept gaslighting and manipulating me, and another who doesn't talk to me, doesn't even at least read my texts. There's a girl I'm still friends with who I need to let go of but it's hard to because we've been friends for so long and our moms keep enforcing our friendship.. They're not going to care about me.

I'm always just the weird kid, third wheel, and people will keep saying things to me and not realize how negative the comments are. I've never had anything or anyone besides some Vocaloid and Ado songs that are similar to my life..

I SH but instead of cuts, I hit my forearm until it really hurts, but not enough to leave a bruise.

I want to end my life but I'm scared my attempt will fail and stabbing will hurt like hell so I searched it up and all that I got was the crisis helpline.. like that's gonna work for me...",6.0,1.0,Temporary_Comfort435,Moderate MDD,339e6695c66f5656a211ced61b211264b0a870c121dfece66ac5d3377d854398,True,absolutely hate life well lets see ugly hate body ideal body society flat toned stomach sharp chin small waist ball joint doll hands hourglass shape etc fat weird chin shape cant describe average waist hands light look mirror disgust starveanorexia damn phone youve said things weight always social media mom showed jumper shopping said would cute waistline suspcious asked mean suspicious sarcasticly repeated said mean patting stomach mentioned weight multiple times went shopping strange would always tell eat want beauty standards pointless ate one time today mostly mom society general internet every friend ive ever fake never talks theres one girl friends kept gaslighting manipulating another doesnt talk doesnt even least read texts theres girl im still friends need let go hard weve friends long moms keep enforcing friendship theyre going care im always weird kid third wheel people keep saying things realize negative comments ive never anything anyone besides vocaloid ado songs similar life sh instead cuts hit forearm really hurts enough leave bruise want end life im scared attempt fail stabbing hurt like hell searched got crisis helpline like thats gonna work,184,-0.9701
1kq7knn,depression,2025-05-19T09:39:52,Bad haircut is ruining my life,"I got a really bad haircut the other day, and it’s been weighing on me heavily. I've been trying to grow my hair out into something more feminine before I leave for a study abroad program in Italy. My partner recommended the salon, and I picked a stylist who I thought would understand my hair best. I was genuinely excited thinking this would be something that made me feel more confident and comfortable in my appearance.
I’ve been growing out a wolf cut, and I asked for something soft and feminine. I’ve been struggling with allowing myself to feel feminine and pretty after previous toxic relationships. I’ve been growing it out and hoping for it to be long and thick. I  even brought a picture of a modern look something like shorter curtain bangs with volume. While I was talking, I mentioned 1970s curtain bangs in passing, and unfortunately, that’s the direction the stylist decided to go. I usually advocate well for myself in salons, but I was turned away from the mirror, so I didn’t realize what was happening until it was too late.
I thought she was just trimming the bangs, especially since I clearly said I wanted to keep the volume and maintain my hair’s length. But instead, she took shearing scissors and thinned out my entire head of hair. I’ve always had thick hair it was something I really loved about myself and now it’s gone. My bangs were hacked unevenly, and instead of the look I wanted, I was left with thin, jagged pieces she called “wispy bangs,” which I never asked for. I think she cut too short and tried to pass it off as intentional.

I feel completely devastated. I can’t think straight, I can’t eat, and I feel like I’m unraveling. I keep running my hands through my hair and crying over how thin it feels. I’ve tried to ignore it but I don’t want to leave the house I usually go out for a bit and then just come back and cry in bed. I feel so not like myself. I don’t want anyone including my partner to touch me and I keep pushing them away. I feel ugly and disconnected from myself, and I don’t know what to do. I know it will grow out but it takes time that I don’t want to wait. I have never felt uglier in my life. 
 ",0.0,1.0,Suspicious-Use-8686,Moderate MDD,3069762685f918c393a929b2294fb17441beab14515de494a1e06e423fef851c,True,got really bad haircut day weighing heavily ive trying grow hair something feminine leave study abroad program italy partner recommended salon picked stylist thought would understand hair best genuinely excited thinking would something made feel confident comfortable appearance ive growing wolf cut asked something soft feminine ive struggling allowing feel feminine pretty previous toxic relationships ive growing hoping long thick even brought picture modern look something like shorter curtain bangs volume talking mentioned curtain bangs passing unfortunately thats direction stylist decided go usually advocate well salons turned away mirror didnt realize happening late thought trimming bangs especially since clearly said wanted keep volume maintain hairs length instead took shearing scissors thinned entire head hair ive always thick hair something really loved gone bangs hacked unevenly instead look wanted left thin jagged pieces called wispy bangs never asked think cut short tried pass intentional feel completely devastated cant think straight cant eat feel like im unraveling keep running hands hair crying thin feels ive tried ignore dont want leave house usually go bit come back cry bed feel like dont want anyone including partner touch keep pushing away feel ugly disconnected dont know know grow takes time dont want wait never felt uglier life,203,-0.6921
1kpvpum,depression,2025-05-18T22:01:31,Suicide in the afterlife videos bring me comfort.,"Ever since losing my insurance the only relief I find is watching videos and reading articles about what happens to suicide victims in the afterlife.  I find myself envying them.  There is no judgement...no pain...no torment...no fatigue...no cycles...only peace.

I also find myself repeatedly watching clips from a ""Twilight Zone"" episode entitled ""A Stop At Willoughby,"" which deals with passive suicide ideation.  The concept of a non-judgemental existence brings me peace.  I am briefly reminded of those that mistreated me in the past, and of one person that bullies me at work, and I find relief that one day I may find peace--even if peace only exists in another world.

Being without antidepressants is very exhausting.  My problems were only buried by the pills.  Without my medications I am forced to deal with four decades of problems that I was burying and cannot come to terms with.  Sleep no longer brings me relief since I have rarely slept in two months.  I am being consumed by rage against my offenders and guilt for my old failures that I cannot overcome.

I am very tired!  I wish I would have never been born.",3.0,1.0,Delicious_Grand7300,Moderate MDD,3f27d759034678d91e4467589944f636500cfec69e74d51027aa9ece4e8aad39,True,ever since losing insurance relief find watching videos reading articles happens suicide victims afterlife find envying judgementno painno tormentno fatigueno cyclesonly peace also find repeatedly watching clips twilight zone episode entitled stop willoughby deals passive suicide ideation concept nonjudgemental existence brings peace briefly reminded mistreated past one person bullies work find relief one day may find peaceeven peace exists another world without antidepressants exhausting problems buried pills without medications forced deal four decades problems burying cannot come terms sleep longer brings relief since rarely slept two months consumed rage offenders guilt old failures cannot overcome tired wish would never born,100,-0.9627
1kq34pl,depression,2025-05-19T04:32:45,crying everyday for 3 months since my breakup idk what to do,"i think im depressed as ive lost basically all my enjoyment for life and doing things. i do things i have to do but only because i have to. i have forgotten what it feels like to feel happiness and to feel content with life and to wake up feeling excited to go on about my day. the only thing i look forward to is my night-time walks where i get to listen to podcasts telling me that i will be okay. im going to therapy for 2 months, spending time with friends/ family, work, uni etc. im just sad. i miss my ex so much and i love him and everyday i get sad that he hasnt reached out and that he isnt going to and ik that i cant reach out to him and shouldnt. i also dream ab him 5 times a week. everyone says it takes time, but im just so tired. my nervous system is all over the place, and im always crying even right now. im considering going to speak to a doctor idk i think i need antidepressants. my therapist hasnt even brought up the topic of depression, but I KNOW i am depressed. i need some advice",2.0,0.0,Empty-Reason1584,Moderate MDD,8417634e7b56b337d03f626e6a55accf5283886ffd504fa7df3de19bba6dace9,True,think im depressed ive lost basically enjoyment life things things forgotten feels like feel happiness feel content life wake feeling excited go day thing look forward nighttime walks get listen podcasts telling okay im going therapy months spending time friends family work uni etc im sad miss ex much love everyday get sad hasnt reached isnt going ik cant reach shouldnt also dream ab times week everyone says takes time im tired nervous system place im always crying even right im considering going speak doctor idk think need antidepressants therapist hasnt even brought topic depression know depressed need advice,99,-0.9303
1kq36kt,depression,2025-05-19T04:35:57,Idk,I’m going through the worst mental state of my life. The person i thought I was going to marry cheated on me again. I know that’s my fault for staying. The only thought that’s comforting to me is ending it. I cant live with the pain and shame and guilt of allowing this to happen to me 3 times,5.0,3.0,Emergency-Wind-4386,Moderate MDD,ebcd72bd542eac501d67ba5465ad41390b89094185b05383a135ae4f19cfbdd8,True,im going worst mental state life person thought going marry cheated know thats fault staying thought thats comforting ending cant live pain shame guilt allowing happen times,27,-0.9423
1kqa6uq,depression,2025-05-19T12:16:40,21 yr old autistic loneIy guy.,"


I am 21 autistic. I literally have no sociaI life or even life to begin with im just loneIy and alone all the time. I have no family. I’ve haven’t had a friend in years and I have never had Girłfrienďl and I’m missing out and missed out on so much. i always thought as I missed out on my teen years it will be better when I’m in my 20s. But that hasn’t happened while people are making fond memories with each other i can’t make any. I have no fond memories of anything and it feeIs Iike l'm mereIy existing around others without being noticed.

I'm not even member of society I’m struggling with work and school so I can’t even have that to numb being alone. I try working in My sociaI anxiety I struggle forming connections and aIways mess it up making me feeI really aIone among peopIe I struggle to make connections with people it’s realIy hard when I put so much effort into it.l thought l could even try to find onIine friends as I have no luck irl but usualIy ghosting happens though. When I try to get to know someone, they don't even engage In conversation. I'm taIking and trying. So just My routine consists of going to colIege, working, and then returning home just that same cycIe. in my free time I tend to play games seems to be the onIy distraction and thing I can only enjoy whiIe being aIone I really don't feeI Iike I'm Iiving, I just exist no better than just being dead honestIy.
",4.0,2.0,Jadrnativ4,Moderate MDD,a5020c71d1dab0dad1e9ad94b28524053cda8b5e4386548fa7d1d564b85b23f6,True,autistic literally sociai life even life begin im loneiy alone time family ive havent friend years never girfrienl im missing missed much always thought missed teen years better im hasnt happened people making fond memories cant make fond memories anything feeis iike lm mereiy existing around others without noticed im even member society im struggling work school cant even numb alone try working sociai anxiety struggle forming connections aiways mess making feei really aione among peopie struggle make connections people realiy hard put much effort itl thought l could even try find oniine friends luck irl usualiy ghosting happens though try get know someone dont even engage conversation im taiking trying routine consists going coliege working returning home cycie free time tend play games seems oniy distraction thing enjoy whiie aione really dont feei iike im iiving exist better dead honestiy,141,-0.9586
1kpvd24,depression,2025-05-18T21:45:50,The fog,"Hello, good morning or afternoon. 

I don't know if I have depression or not. When I was diagnosed more than 5 years ago, it was because I lied to the psychiatrist, I told him the typical symptoms and he sent me to the psychologist, after months I stopped going. 

5 years later, I don't dare say that I have depression, I don't believe it. 

However, during all these years, I have had periods of happiness and sadness (or as I call it, period of fog).

 And I don't know if it happens to you, but I already know how to distinguish when the ""fog"" is coming, like when you look at the sky and see that a storm is coming. It's hard to explain, but first a slight, peculiar sadness occurs, out of nowhere, it just appears. 

As the days go by, the fog begins to arrive. More recurrent feelings of sadness, hopelessness, apathy... The storm is already here. 

Afterwards, the fog sets in for days, weeks or months. Until just as it came, it is seen, and joy returns. 

However, when the fog sometimes comes very thick, so thick that it prevents you from seeing the sunlight clearly, there is only darkness and loneliness. I know that at some point it will go away, but when I am there, that hope does not exist. 

Today, the fog already covers my feet. 

I turn to the sky... There is no sky... No clouds... Nothing can be seen. 

I'm very afraid that this time I won't be able to get out, I'm sorry, I believe it. I have already made my farewell video. I have started with the preparations, the place, the method, the instrument, the day... I have never been so close, and for the first time, I feel happy within the fog.",2.0,0.0,Wafle021,Moderate MDD,9159614f4222402a969599b3ee5b46804a5faa5442956e64f3ac526c4289cbe9,True,hello good morning afternoon dont know depression diagnosed years ago lied psychiatrist told typical symptoms sent psychologist months stopped going years later dont dare say depression dont believe however years periods happiness sadness call period fog dont know happens already know distinguish fog coming like look sky see storm coming hard explain first slight peculiar sadness occurs nowhere appears days go fog begins arrive recurrent feelings sadness hopelessness apathy storm already afterwards fog sets days weeks months came seen joy returns however fog sometimes comes thick thick prevents seeing sunlight clearly darkness loneliness know point go away hope exist today fog already covers feet turn sky sky clouds nothing seen im afraid time wont able get im sorry believe already made farewell video started preparations place method instrument day never close first time feel happy within fog,137,-0.6474
1kq3sqb,depression,2025-05-19T05:15:04,"I feel like the world is literally being dismantled around me, and I can't wake up","Hello, I just need to let this all out. I have depression, borderline, and ADHD, diagnosed and medicated. I am 30, married with a child and one on the way. All in all, my life should be happy. I have a wonderful partner, an amazing son, and our rainbow baby on the way, but the moment I look outside I just feel like the walls are closing in. 

My husband has been on a career journey as a CDL A truck driver since last year. He did the schooling, training, and is finally flying solo, currently sitting at 3 months experience. We chose this route because this is our best option for financial security, however it just seems like anytime we move up a step financially, the cost of living raises with it. We barely break even on bills. 

I am a stay at home mother to an autistic son with severe speech delays. I love my son so much, he is an inspiration to us all and just an absolute joy. He needs round the clock care due to the communication barrier among learning disabilities, so I cannot work. We decided to have this child because we planned it out, as much as you can, obviously. We wanted the joy of expanding our family, and bringing a sibling into our sons life. 

Unfortunately, our world is rapidly changing, and now I feel like a fool for wanting more children. The cost of everything is skyrocketing, services are being cut left and right, and we just can't seem to move up the career ladder fast enough to keep balanced out. I am so defeated, I feel like the life we have planned for and have envisioned for years is never going to pan out.

No financial stability, no savings for our children, no house to raise them in. I just feel like I'm sleepwalking all of the time now. I feel like there is zero point in planning for the future now, because everything we knew and that was in place for getting from point A to point B are being systematically dismantled. I have a budget that we follow to a T, we have routines and schedules to keep things on track. 


Unfortunately, food prices are set to raise again by the end of the month, energy bill keeps increasing even though I've decreased usage. Rent goes up every year, and we obviously can't save to buy a home. There's no financial cushion for when the car needs a new tire, or if our child outgrows clothes. We had so much hope at the end of last year. We had dreams and goals, we really thought that by the end of this year we would finally be comfortable, but no. Everything is going to the dogs, and I feel like we are going to be swueezed out and end up homeless even though my husband works regional trucking every week.

How is it that he works so hard that he is only home two days a week and we still can't get anywhere financially? He busts his behind for us. My son and I don't do anything but school and chores, free events or the park, we don't spend money when we don't have to. I feel like we and millions of other families and people are being punished merely for existing during this time period, and I am so defeated. 

All I wanted was a peaceful life. My family, a home, and financial stability. I don't need to be rich, I just don't want to worry that maybe I won't be able to feed my family next week. It feels so incredibly unfair. It feels like a wasted life. Does anyone else feel this way?",3.0,0.0,mentalquestions94,Moderate MDD,0705eb271f97f6de1c08d4ca78675b1d73439a6b0e2499814277e0b7d552ae39,True,hello need let depression borderline adhd diagnosed medicated married child one way life happy wonderful partner amazing son rainbow baby way moment look outside feel like walls closing husband career journey cdl truck driver since last year schooling training finally flying solo currently sitting months experience chose route best option financial security however seems like anytime move step financially cost living raises barely break even bills stay home mother autistic son severe speech delays love son much inspiration us absolute joy needs round clock care due communication barrier among learning disabilities cannot work decided child planned much obviously wanted joy expanding family bringing sibling sons life unfortunately world rapidly changing feel like fool wanting children cost everything skyrocketing services cut left right cant seem move career ladder fast enough keep balanced defeated feel like life planned envisioned years never going pan financial stability savings children house raise feel like im sleepwalking time feel like zero point planning future everything knew place getting point point b systematically dismantled budget follow routines schedules keep things track unfortunately food prices set raise end month energy bill keeps increasing even though ive decreased usage rent goes every year obviously cant save buy home theres financial cushion car needs new tire child outgrows clothes much hope end last year dreams goals really thought end year would finally comfortable everything going dogs feel like going swueezed end homeless even though husband works regional trucking every week works hard home two days week still cant get anywhere financially busts behind us son dont anything school chores free events park dont spend money dont feel like millions families people punished merely existing time period defeated wanted peaceful life family home financial stability dont need rich dont want worry maybe wont able feed family next week feels incredibly unfair feels like wasted life anyone else feel way,308,0.9919
1kq0pek,depression,2025-05-19T02:14:52,Just wanna rant,"I’m not suicidal at all just really down. That’s a line I can’t cross but I get it tho. In a world that feels like I wants to much from you but in return you get nothing for some of us. Not know or understand the difference if you are just looking for attention with pity or you unknowingly suffered enough that the way your brain works isn’t fit for this society normal standards. The struggle you have with who you are and what the world doesn’t like about you being that way. That weird feeling or nothing and at the same time overwhelming pressure like it’s gravity but you don’t know where it’s pushing or pulling you from. If you are able to, you get this relief from the reset we call sleep. In sleep you have nothing to fear, no stress depending on if you dream or not. For those who don’t sleep, the night time of other sleeping kinda can be a reset in itself because no one is up to judge, question or put you down. Sleep is like a daily sample of death. I thought about death and I will admit I’m scared of it cause to me it means nothing. You stop and be nothing. No afterlife or spiritual experience, just nothing. No function, no processing, no breathing, no thinking, no expectations, no hurt to feel from others or anything else. Just was down and wanted to vent my depression. Felt really isolated right now. Thought I do something besides talk to myself. ",2.0,0.0,Bakonfordawinning,Moderate MDD,fcdd02b8946ffe0d8a41207e017c607e667059e62dcbb9ff3dc93b98185de433,True,im suicidal really thats line cant cross get tho world feels like wants much return get nothing us know understand difference looking attention pity unknowingly suffered enough way brain works isnt fit society normal standards struggle world doesnt like way weird feeling nothing time overwhelming pressure like gravity dont know pushing pulling able get relief reset call sleep sleep nothing fear stress depending dream dont sleep night time sleeping kinda reset one judge question put sleep like daily sample death thought death admit im scared cause means nothing stop nothing afterlife spiritual experience nothing function processing breathing thinking expectations hurt feel others anything else wanted vent depression felt really isolated right thought something besides talk,115,0.8265
1kpwylu,depression,2025-05-18T22:59:50,I feel like my life’s over before it started,"Currently going through a big quarter life crisis rn, which is bad. 

I’m (20) currently in college completing my bachelors in biology, but now I’m going through a major crisis since I still don’t know what I want to do. I thought about being a doctor but realized that I don’t want to do that, or go to medical school but now I don’t fucking know what to do or where to go. I know there’s the nursing school route, but now I feel like I’ve wasted so much time… I’m trying to get all the prereqs down but idk whether or not I should go into the adn or absn route (I still don’t know whether or not I should go that route either) I also have been looking at other careers too but it’s been really bad.

I’ve been scrolling at different job salaries for weeks and it’s getting obsessive and I can’t sleep or eat. And I apologize but I have been having major suicidal tendencies and thoughts too. I don’t know what’s wrong with me. 

I feel like everything that I’m doing is wrong and currently it’s summer break but I can’t fucking relax I keep thinking and I can’t stop thinking. 

I know I have to pick something eventually but it feels impossible. I feel like I won’t have any time to work on passion projects either. I apologize if these looks naive like “oh this is what being an adult is all about! Responsibilities and no more fun or passions and all of your dreams are crushed!” But it feels so suffocating.

I just want a good nice paying job. That’s all I want. Hell it’s kinda funny where one of my dreams is to own a house one day. This is so depressing. My heart hurts and I need to take it out ",2.0,0.0,WishingStarr13,Moderate MDD,84bcb03f0ec296ebeb9dbadc3687a36f8a7dc02298c56f8926bc549349e4b354,True,currently going big quarter life crisis rn bad im currently college completing bachelors biology im going major crisis since still dont know want thought doctor realized dont want go medical school dont fucking know go know theres nursing school route feel like ive wasted much time im trying get prereqs idk whether go adn absn route still dont know whether go route either also looking careers really bad ive scrolling different job salaries weeks getting obsessive cant sleep eat apologize major suicidal tendencies thoughts dont know whats wrong feel like everything im wrong currently summer break cant fucking relax keep thinking cant stop thinking know pick something eventually feels impossible feel like wont time work passion projects either apologize looks naive like oh adult responsibilities fun passions dreams crushed feels suffocating want good nice paying job thats want hell kinda funny one dreams house one day depressing heart hurts need take,151,-0.9325
1kq27i9,depression,2025-05-19T03:38:34,"I don think I’m depressed but I cannot function rn, any tips?","I don’t know if I’m depressed or if this is just another one of those like, weeks where you feel sad (you know what I’m talking about?). I rly hope this shit is temporary cuz it’s literally affecting my ability to function. Dude, i sometimes can’t even get outta bed or do like, basic stuff (food, clean up, yada yip). It jst feels quite overwhelming and I don’t think I can do it. I’m contemplating killing myself because I don’t want to do all this but I have to but I can’t. Do you guys have any tips or like, ways to make things easier?",2.0,0.0,anchellaxe,Moderate MDD,cd226c993f7c4736bd499c43c670f11bd9d57e50943c025c6aa1f919b688f0f5,True,dont know im depressed another one like weeks feel sad know im talking rly hope shit temporary cuz literally affecting ability function dude sometimes cant even get outta bed like basic stuff food clean yada yip jst feels quite overwhelming dont think im contemplating killing dont want cant guys tips like ways make things easier,55,0.7082
1kpihcl,depression,2025-05-18T12:09:30,Please help me,"I don’t know if I should put on the sensitive tag on but , I only have like a week left to make a decision, to either be stuck in a loop, of people having big expectation of me , people insulting me, leaving me out or just fuck it all and eat tons of sleeping pills or something. I’m 20 , at 17 I signed a contract with a government (won’t name names) , and at that time I was just a child, still feel like I am , they showed me dreams and fantasy which has all turned into hell for me , I can leave it all behind, go to therapy , if not for that contract… I can’t breach it…if it meant harm to me , I would , but it would harm my family as well, if my family runs away another person would be harmed, they have my whole life planned out, my family keeps comforting me instead of taking me out of their grasp, I keep saying I’m having suicidal thoughts but nobody listens… I honestly lost all joy in life, I don’t know what to look forward to, I already know how my life will look like and how it will end as well, it’s all dystopian. 

Tell me…those who are still living, what keeps you alive? Other than friends and family because I can’t take motivation from that… I just want to be happy, I just wanted to be happy. I don’t know what I should do, I feel like time is rushing me to make a decision.",8.0,8.0,yourhopeworld,Moderate MDD,f78461f32e87af52bd03156c81b493f1059b3ea0872edb29a907022c3d3ddbc4,True,dont know put sensitive tag like week left make decision either stuck loop people big expectation people insulting leaving fuck eat tons sleeping pills something im signed contract government wont name names time child still feel like showed dreams fantasy turned hell leave behind go therapy contract cant breach itif meant harm would would harm family well family runs away another person would harmed whole life planned family keeps comforting instead taking grasp keep saying im suicidal thoughts nobody listens honestly lost joy life dont know look forward already know life look like end well dystopian tell methose still living keeps alive friends family cant take motivation want happy wanted happy dont know feel like time rushing make decision,119,0.9136
1kq4veq,depression,2025-05-19T06:27:03,How I would Explain Depression to Someone Who's Never Experienced It,"I could be wrong, but I think most people approach this conversation by describing depression itself. I don't think it's effective because it's so context dependant and based on your experience and subjective interpretation of your emotions.

Instead, I would explain the dopaminergic system, or how dopamine ACTUALLY functions in your brain. My understanding is that it's a common misconception that dopamine is released when you receive a reward, but this is misleading. Dopamine is more accurately described as the hormone that's release at the ANTICIPATION of a reward. As soon as you think about smoking or drinking, dopamine is being released and making you ""happier."" If you don't receive that reward, your dopamine levels plummet and the urge to smoke or drink becomes stronger to compensate that drop. PRO TIP: dont tell your kids ""maybe"" when they want something; their brain will trick them into thinking they're going to get it and they'll be pissed when they don't!

I'll use love/relationship as an example to help understand depression. Let's say you're in love with an amazing person and you both discuss and believe that one day you'll marry each other and have a family. You believe nothing could EVER stand in your way, but then the unthinkable happens: they cheat on you. 

The event may be so emotionally detrimental that it changes your psychology. You begin to think that it doesn't matter what kind of person you meet, because in the end, they will probably cheat on you. Compound this with how common cheating is and how often it's brought up in daily life or on social media. 

Contrarily, you see other people happy and in love, getting married, starting families, etc., but you may be too afraid to even try again because you want to protect yourself. If that's the MOST important thing you wanted in life, but now you can't have it or don't see the point init anymore, then you may start to think:

- Why would I meet new people?
- Why does it matter if I attract other people?
- Why would I go to weddings? Half of them will end in divorce anyway (even if this statistic isn't true).
- Why would I want to hear about other people's happy relationships?
- Why would I educate myself?
- Why would I go outside or leave my home?
- Why would I bathe or brush my teeth? 
- Why should I get of bed this morning?
- What THE FUCK is even the point of living life?

Sadly, you may eventually arrive at a point where no aspect of life is enjoyable anymore, or the pain is too much to bear, and the suicidal thoughts creep in. Eventually, you can't get them to go away. Your brain becomes disillusioned into believing the only way to stop the pain is you end your life.

People may say they're sorry for you without even understanding the complexity of the pain you witness daily. They might say that person was never deserving of you. But does that really indemnify your situation? Others may even tell you that you're being pathetic or cowardly and that you need to get over it.
 
OPINIONS:

If you are depressed, you could try to think of ways or seek help to retrain your psychology (i.e., your subconscious's reasoning). I conceptualized a concept I call ""cognitive lensing"" which I drew from a parallel in astrophysics, but it would take too long to explain in this post. I also don't want to impose that on anyone if it's not wanted/helpful. In short, it includes analyzing your emotions, logic, and psycholoy to fully understand a situation and hopefully ""repair it.""

If you are trying to help someone who's depressed. Please just sit with them and understand them. Don't provide solutions without trying to fully and deeply understand them and what's happened to them. Don't try to correct what they tell you if you disagree.  They're just trying to consciously interperet their subconscious reasoning and express that emotionally to you. Sinply ask thoughtful questions and do things for them that show you care deeply, and want to help them.

END

[Please correct any fallacies or misinformation if you see any. I would also love to hear feedback if this is helpful or not, and if anyone has success with it if they try to explain depression this way. If anyone has a similar approach, or if this is already a common approach, I'd appreciate that info as well!]

With love,
an Earthling",9.0,2.0,LoL_Elendill,Moderate MDD,c18db5bc3808115156625c244fa58b3c0fe720a43087d4166c197bc45c2808a3,True,could wrong think people approach conversation describing depression dont think effective context dependant based experience subjective interpretation emotions instead would explain dopaminergic system dopamine actually functions brain understanding common misconception dopamine released receive reward misleading dopamine accurately described hormone thats release anticipation reward soon think smoking drinking dopamine released making happier dont receive reward dopamine levels plummet urge smoke drink becomes stronger compensate drop pro tip dont tell kids maybe want something brain trick thinking theyre going get theyll pissed dont ill use loverelationship example help understand depression lets say youre love amazing person discuss believe one day youll marry family believe nothing could ever stand way unthinkable happens cheat event may emotionally detrimental changes psychology begin think doesnt matter kind person meet end probably cheat compound common cheating often brought daily life social media contrarily see people happy love getting married starting families etc may afraid even try want protect thats important thing wanted life cant dont see point init anymore may start think would meet new people matter attract people would go weddings half end divorce anyway even statistic isnt true would want hear peoples happy relationships would educate would go outside leave home would bathe brush teeth get bed morning fuck even point living life sadly may eventually arrive point aspect life enjoyable anymore pain much bear suicidal thoughts creep eventually cant get go away brain becomes disillusioned believing way stop pain end life people may say theyre sorry without even understanding complexity pain witness daily might say person never deserving really indemnify situation others may even tell youre pathetic cowardly need get opinions depressed could try think ways seek help retrain psychology ie subconsciouss reasoning conceptualized concept call cognitive lensing drew parallel astrophysics would take long explain post also dont want impose anyone wantedhelpful short includes analyzing emotions logic psycholoy fully understand situation hopefully repair trying help someone whos depressed please sit understand dont provide solutions without trying fully deeply understand whats happened dont try correct tell disagree theyre trying consciously interperet subconscious reasoning express emotionally sinply ask thoughtful questions things show care deeply want help end please correct fallacies misinformation see would also love hear feedback helpful anyone success try explain depression way anyone similar approach already common approach id appreciate info well love earthling,380,0.8775
1kq0lyb,depression,2025-05-19T02:09:57,Fonctional depression,"Hello, I'm a 30 year old woman who's been living with depression for over 10 years. I've been taking medication to help for a long time, but I don't feel like it's having much effect. I feel unmotivated and have no energy every day. I don't cook, I don't clean, and I have difficulty taking care of myself. I haven't had any libido for years, which make it hard for my boyfriend. I've tried therapy with a psychologist three times, for long periods of time, and it didn't work. I even tried hypnosis, and the results were the same. I no longer have the money to see professionals (psychologists, sex therapists, occupational therapists, etc.). I don't feel sad and I don't have dark thoughts. I spend my days on the couch looking at my phone. I manage to work, but I'm exhausted and I'm giving the least of myself.

I'm tired of surviving... but I don't know what else to do. Do you have similar experiences?
",4.0,1.0,Artistic-Metal-7893,Moderate MDD,7984b47adf056d512d65fcd155ab36514d6212bb1bfeb5d4728bd22f42d678a4,True,hello im year old woman whos living depression years ive taking medication help long time dont feel like much effect feel unmotivated energy every day dont cook dont clean difficulty taking care havent libido years make hard boyfriend ive tried therapy psychologist three times long periods time didnt work even tried hypnosis results longer money see professionals psychologists sex therapists occupational therapists etc dont feel sad dont dark thoughts spend days couch looking phone manage work im exhausted im giving least im tired surviving dont know else similar experiences,89,-0.8871
1kpp4fe,depression,2025-05-18T17:17:28,Will life be better if I do a plastic surgery?,"I don’t like my face and body, no matter what people say about me. When I was a child, I was told I was ugly. I got bullied in school because I was too tall and fat (in Asia), even though I would be considered a normal or small size in Western countries. After I grew up, everyone just says I’m normal or basic. Yet, I still hate the way I look, and I feel like my personality doesn’t match my appearance. As an artist, I don’t feel like my look is what I like. Because of PTSD and depression, now I look too mature and tired. Sometimes I really want to die because I don’t think I have anything to be grateful for, if you consider life as a video game. I don’t feel like I’m pretty enough to feel secure in a relationship. Lately, I’ve been thinking about plastic surgery. Is it really helpful for treating depression? Pretty people seem to have happy lives.",1.0,2.0,tunana28,Moderate MDD,f2bab668cda2173d8bd4dde60bd5282af79504c5ae4d6c212e05316cc968ecfa,True,dont like face body matter people say child told ugly got bullied school tall fat asia even though would considered normal small size western countries grew everyone says im normal basic yet still hate way look feel like personality doesnt match appearance artist dont feel like look like ptsd depression look mature tired sometimes really want die dont think anything grateful consider life video game dont feel like im pretty enough feel secure relationship lately ive thinking plastic surgery really helpful treating depression pretty people seem happy lives,88,0.7048
1kq2cfr,depression,2025-05-19T03:46:25,Depression Feels Like This,"Having depression from an antidepressant is a different kind of feeling. I often think if my brain is forever changed from this antidepressant I’m on. I’ve never in my life felt consistently depressed before I’ve taken antidepressants. I know, I need to get off. I need to cross taper to an easier antidepressant to come off of first. But right now I’m here to basically journal my thoughts. And I also think I'm coming down from my new medication, Vyvanse.

It feels like survival mode all the time. Like just watching the clock until it’s time for my absolute favorite time of day: sleep. Sleep is my only escape. I would sleep this depression away if I could. I just wish depression didn't exist. It would solve so many problems for me. It takes away my identity, it reminds me it’s always here, lurking like a dark mist always around me. Don’t get me started on being interested in nothing. 

That’s one of the scary feelings because you don't want to do anything. Then you just sit in your feelings, and that’s when it can be dangerous for some people. Since I haven’t had relief in over a year, I just wish my life could be over so I could finally experience peace with Jesus. I mean, who doesn’t want that? No, I'm not suicidal. I actually am borderline phobic of committing suicide to where when I get extremely depressed, I get anxiety because I don't want to be so depressed I feel like I need to do something to end it.

Depression just hurts. It's like a slow continual burn throughout the day. And the heat doesn't let up. Everyday is basically trying to distract yourself and get your tasks done as much as possible before you go to your living room and just stare at your phone until it's time for bed again. I wish this illness on no one. It's one of the worst illnesses to have. I'm in my 30s and I feel like I'm in my 40s to 50s, seriously. I am so terrified I will live like this for the rest of my life. I just can't fathom not enjoying my life and living it to my fullest. Lord please heal me.",10.0,6.0,Beautiful_Candle1231,Moderate MDD,503b410619b00a1aae5652749568772c3bd733e198f02c8ea684a58c95d386f9,True,depression antidepressant different kind feeling often think brain forever changed antidepressant im ive never life felt consistently depressed ive taken antidepressants know need get need cross taper easier antidepressant come first right im basically journal thoughts also think im coming new medication vyvanse feels like survival mode time like watching clock time absolute favorite time day sleep sleep escape would sleep depression away could wish depression didnt exist would solve many problems takes away identity reminds always lurking like dark mist always around dont get started interested nothing thats one scary feelings dont want anything sit feelings thats dangerous people since havent relief year wish life could could finally experience peace jesus mean doesnt want im suicidal actually borderline phobic committing suicide get extremely depressed get anxiety dont want depressed feel like need something end depression hurts like slow continual burn throughout day heat doesnt let everyday basically trying distract get tasks done much possible go living room stare phone time bed wish illness one one worst illnesses im feel like im seriously terrified live like rest life cant fathom enjoying life living fullest lord please heal,187,-0.9829
1kq4vua,depression,2025-05-19T06:27:54,A never ending cycle,"I don’t understand why I always end up back here. I have an objectively great life. But one argument, one inconvenience, or just one random day I end up in the worst pit of depression again. It has been like this almost my whole life. It doesn’t go away and I become self destructive. I stop going to work, eating, going out, doing the things I love, taking care of myself. None of it feels important. It feels like it’ll all come crashing down anyway so who cares if I don’t clock in or eat?

I’ve come so far and worked so hard to get better but it comes back with a vengeance. It use to be a nonstop sadness. It’s progress but I know it won’t ever be gone for good. I’m really worried I’ll reach all my goals and realize my depression is still there. None of it will matter because I destroy my own life and can’t appreciate any of it like I should. I push people away. I’m rude and clingy and terrible. Maybe being depressed is a justified punishment.

Sorry if none of this makes sense. I’m sleep deprived. I feel so numb to everything.",4.0,2.0,farfaraway2120,Moderate MDD,fac218bf7e485d72d262c18381c74328f28b5991e7a3c97013dda6a9e6601f7f,True,dont understand always end back objectively great life one argument one inconvenience one random day end worst pit depression like almost whole life doesnt go away become self destructive stop going work eating going things love taking care none feels important feels like itll come crashing anyway cares dont clock eat ive come far worked hard get better comes back vengeance use nonstop sadness progress know wont ever gone good im really worried ill reach goals realize depression still none matter destroy life cant appreciate like push people away im rude clingy terrible maybe depressed justified punishment sorry none makes sense im sleep deprived feel numb everything,107,-0.978
1kpmqz1,depression,2025-05-18T15:34:36,Comparatively little childhood trauma- the privilege no one talks about,"I look at my well adjusted coworkers, sometimes I hear about their relationships with their parents and with people in general, their moods and energy levels and I think 🤔 in most cases I would guess they have far less childhood trauma than I do. 

I think this is a HUGE privilege people have in life and yet no one ever talks about it as a privilege. 

Lots of shit happened to me when I was growing up but one area where I feel things would have been much better with action, is if adults intervened when I reported bullying (parents or teachers). 

It’s a shitty thing when you realize that you have no one in your corner and adults through their words and lack of action basically imply that you should accept abuse, which feeds into the idea that you are so worthless that you are not even worth basic human respect. You also learn to stop trusting adults or telling them anything. I also already had anxiety, so I just learned to try not to show emotions in front of anyone, while deep inside I learned to hate myself more and more. Then I would abuse myself for not being good enough all the time, I became perfectionist and people pleasing and made myself mad with anxiety trying to predict people’s moods and actions. 

Insane levels of trauma beyond bullying happened in my childhood too but sometimes I think, if someone just gave a damn about that, how much better might things be now? Would I be able to have normal relationships with others? 

",3.0,0.0,Mundane-Fact6861,Moderate MDD,2e5fec314c2ab8f585cf23979db15399d055cc3d545a041e022f6dde9acd8304,True,look well adjusted coworkers sometimes hear relationships parents people general moods energy levels think cases would guess far less childhood trauma think huge privilege people life yet one ever talks privilege lots shit happened growing one area feel things would much better action adults intervened reported bullying parents teachers shitty thing realize one corner adults words lack action basically imply accept abuse feeds idea worthless even worth basic human respect also learn stop trusting adults telling anything also already anxiety learned try show emotions front anyone deep inside learned hate would abuse good enough time became perfectionist people pleasing made mad anxiety trying predict peoples moods actions insane levels trauma beyond bullying happened childhood sometimes think someone gave damn much better might things would able normal relationships others,128,-0.9919
1kq28ui,depression,2025-05-19T03:40:46,Depressed,I just need to know how to cope with anything when you are broken down so much by your depression and all the different medications they have tried on you don’t work. I need help!!!,2.0,1.0,neverletgooo,Moderate MDD,bb62d596a5dea5a89657738447e49afb3173604d4a63dd2228469eab42671e43,True,need know cope anything broken much depression different medications tried dont work need help,14,-0.7163
1kpxs32,depression,2025-05-18T23:40:41,I Just Can’t Anymore,"I lost my soulmate 3 years ago this June. He had a midbrain stroke while waiting to see a doctor. The last thing he said to me was “I feel funny”, and then he was just gone. They tried to resuscitate him but they couldn’t. I held his hand when they stopped trying. I felt myself rip in two in that very instant. I yelled that I don’t want to be here without him, and I was telling the truth. We were together for 13 years, and now he is gone. I’m just not me anymore. Every day text to me at work, “I love you and miss you beautiful.” Every day for 13 years I was beautiful to him. I had always been plain. I still love him more than anything in the world. I fight the urge to kill myself every day. Not for me, for him. I don’t want him to be disappointed in me. He was a light in this world. It should have been me. If there ever were angels in this world, he was one. I just wanted to tell the world that real, true love existed. He ruined my heart for anyone else. But, I’m okay with that. I was loved. Wherever you are…I love you and miss you Handsome.",58.0,6.0,amandaaallen13,Moderate MDD,4882ebf38d567013a7109e8b6a9302bda88222d68db7bf349d2002e3c8f18d60,True,lost soulmate years ago june midbrain stroke waiting see doctor last thing said feel funny gone tried resuscitate couldnt held hand stopped trying felt rip two instant yelled dont want without telling truth together years gone im anymore every day text work love miss beautiful every day years beautiful always plain still love anything world fight urge kill every day dont want disappointed light world ever angels world one wanted tell world real true love existed ruined heart anyone else im okay loved wherever arei love miss handsome,88,0.9915
1kpvpai,depression,2025-05-18T22:00:55,This is literally the healthiest I’ve been in my life. All because of what my therapist told me 10 years ago.,"Around this time a decade ago, I sat on the side of my bed with my bottles of pills in my hand and seriously considered ending my life. 

Three hospital stays and two serious attempts on my life later and I’m the most mentally stable I’ve ever been. That’s all because 10 years ago, my doctor told me, “When you want to die, procrastinate. Put it off for one more day. And if you put one foot in front of the other, it’s a good day. Fuck everything else.” So I did. 

I’ve had my ups and downs, been misdiagnosed a million times, been to a million therapy sessions with counselors good and positively horrendous, tried a million cocktails, and cut myself hundreds of times. But I’ve healed myself a hundred and one. 


I can definitely say I’m the healthiest I’ve been since I was first diagnosed at 12 with Depression and PTSD. And I the happiest I’ve ever been? Nah, but I’m the most stable. And fuck it. I’m still here!

I just wanted to share that in this community, in case you’re struggling. It’s so hard to look ahead and not wince. But I’m grateful for my ability to procrastinate. And I’m grateful for my one more day. ",1107.0,49.0,your2ndfavoritejane,Moderate MDD,0be2be355a937548e0b618d1f1c07f7158226a96546013666c4a5a018351f6e3,True,around time decade ago sat side bed bottles pills hand seriously considered ending life three hospital stays two serious attempts life later im mentally stable ive ever thats years ago doctor told want die procrastinate put one day put one foot front good day fuck everything else ive ups downs misdiagnosed million times million therapy sessions counselors good positively horrendous tried million cocktails cut hundreds times ive healed hundred one definitely say im healthiest ive since first diagnosed depression ptsd happiest ive ever nah im stable fuck im still wanted share community case youre struggling hard look ahead wince im grateful ability procrastinate im grateful one day,107,0.8332
1kpr3vo,depression,2025-05-18T18:41:05,The world is making me depressed and I want out.,"There are things I cannot change about culture and society that I desperately wish I could because I feel like they are detrimental.

For example, on every social media platform I am on it feels like everyone is talking about race all the time. Racial differences, mocking and joking races, racial theories, etc. just a huge societal obsession with race. I consider race such an arbitrary characteristic, no different than talking about someone’s hair color or eye color, just an appearance thing. I don’t deny that someone’s race may be tied to a culture because of historical or geographical factors but obviously race ≠ culture. That being said (I’ve started ranting) the amount of race baiting stuff I see on social media is insane, it’s pushed to me on every site despite me not interacting with it ever. 

Touching grass and out in the real world obviously people aren’t as obsessed with race, except lately I’ve heard more and more about it from friends or family, and I feel like divides between people are growing stronger and stronger. 

There’s many more things that get me down about the way the world’s heading. This is just one example. But what I was wondering if this is common with depression, and if there are any strategies to cope because I feel like the wider world and society shouldn’t negatively be impacting my mental health and adding to feelings of being suicidal. 
",2.0,1.0,Kind-Sandwich8833,Moderate MDD,dff269e52446818b3aed7ba928a41978912c459a8afb88107745bb405eda0f57,True,things cannot change culture society desperately wish could feel like detrimental example every social media platform feels like everyone talking race time racial differences mocking joking races racial theories etc huge societal obsession race consider race arbitrary characteristic different talking someones hair color eye color appearance thing dont deny someones race may tied culture historical geographical factors obviously race culture said ive started ranting amount race baiting stuff see social media insane pushed every site despite interacting ever touching grass real world obviously people arent obsessed race except lately ive heard friends family feel like divides people growing stronger stronger theres many things get way worlds heading one example wondering common depression strategies cope feel like wider world society shouldnt negatively impacting mental health adding feelings suicidal,127,0.2732
1kqanig,depression,2025-05-19T12:39:34,I forgot how deep the ache of depression is,"My life has been stable and mentally I’ve been well, taking my meds and staying active. 
I lost my cat tragically this week and have been thrust into a depression I see no end to. He’s gone. I’m here. I have to keep living. It hurts so much. And at the same time I feel nothing. I hate this. That’s all just a vent.",2.0,0.0,tarantulaslut,Moderate MDD,dc330abcb56ab8cd3b338c424c6dd787ab2e382491c628d8df9a62af65c9804b,True,life stable mentally ive well taking meds staying active lost cat tragically week thrust depression see end hes gone im keep living hurts much time feel nothing hate thats vent,30,-0.7186
1kq4k5e,depression,2025-05-19T06:05:42,Is this depression or something else?,"I've been diagnosed with PTSD, Bipolar Disorder II and generalized anxiety disorder. Recently, a medication that has been the only one that worked for me went out of my price range (now $800 per 30 days). 

I'm done with everything. I've been in treatment since I was 17, and now I am 22. Things just keep falling apart. 

Everything seems to be too much effort—friends, social interaction, my faith, vacation, family, and just doing everyday things around the house. I'm just tired of having to go through the same cycle over and over again. I just want to go to sleep and never wake up. 

I'm in college and don't have a job (my parents are well off and paying for it, and my lack of a license prevents me from doing so). My anxiety prevents me from getting a license, and I just don't want to keep putting in the effort to live when iI just come back to this space again. I know that things get better, but is that momentary and fleeting happiness worth all the pain and effort it is to get there? I don't have a strong future. I don't want kids, and I don't want a relationship. Both take too much effort, and I don't want to burden someone with my problems. I already raised my nephew from the time I was twelve until I was 18. 

My parents neglected me when I was younger, and I was forbidden from interactions outside the family. I have been a social outcast in all of my communities. In high school, one of the vice principals saw me sitting by myself and asked why I wasn't sitting with anyone, and I said simply that I had no friends. He then forced a group of people to sit with me, but that didn't last long. I am either something to be pitied, tolerated, or simply isolated. I've tried hard to be kind and helpful but all that it leaves me with is emptiness. 

All I want is to sleep all day long and not do anything. It sometimes physically hurts and takes me out to do things. I just want all of this to be over (I'm not planning anything because if it fails, Then I'll be permanently disabled and that would just make things worse. ) 

How do people cope? How do they deal with these cycles and still feel the happiness is worth it?",3.0,0.0,Objective-Count-5238,Moderate MDD,15ef794eb54d8fa45a36dfe394f7636681f3f8207b72cef477ce0fe524f0f83b,True,ive diagnosed ptsd bipolar disorder ii generalized anxiety disorder recently medication one worked went price range per days im done everything ive treatment since things keep falling apart everything seems much effortfriends social interaction faith vacation family everyday things around house im tired go cycle want go sleep never wake im college dont job parents well paying lack license prevents anxiety prevents getting license dont want keep putting effort live ii come back space know things get better momentary fleeting happiness worth pain effort get dont strong future dont want kids dont want relationship take much effort dont want burden someone problems already raised nephew time twelve parents neglected younger forbidden interactions outside family social outcast communities high school one vice principals saw sitting asked wasnt sitting anyone said simply friends forced group people sit didnt last long either something pitied tolerated simply isolated ive tried hard kind helpful leaves emptiness want sleep day long anything sometimes physically hurts takes things want im planning anything fails ill permanently disabled would make things worse people cope deal cycles still feel happiness worth,181,-0.983
1kpx6q2,depression,2025-05-18T23:10:51,i think i’m going to kill myself soon,i feel trapped my lifes not going anywhere no matter what i try what i do i always end up in this same hole where i just hate myself everything seems so easy for some people but im sick of waking up im sick of life i genuinely dont think i can do this anymore i have nothing going for me i hate my job my friends are all fake my family hates me and im tired of feeling like this ,7.0,14.0,duhveenerrr,Moderate MDD,f5f90700824466d765b61ec18ff96d1f1d0f1bedadba062b32881761370657c5,True,feel trapped lifes going anywhere matter try always end hole hate everything seems easy people im sick waking im sick life genuinely dont think anymore nothing going hate job friends fake family hates im tired feeling like,37,-0.9677
1kq1qin,depression,2025-05-19T03:11:42,I'm so drained,"Venting:

Recently I've been so fucking depressed. I haven't been able to make myself do anything. I've had no motivation or energy for anything. Last Tuesday, my grandma, who I live with, had surgery. It was a pretty intense surgery I guess and I've been having to help her a lot. I've been forced to do things and get up throughout the day for her. I've had to help her with medication, preparing food, washing dishes, helping her out of chairs, helping her into bed, and literally so much more. I have to wake up multiple times throughout the night to make sure she takes her medication on time. I'm genuinely exhausted. All of that stress on top of me feeling so much more depressed than usual and I don't know hoe much more I can take. I'm so tired. I can't bring myself to shower even though I need to. I can't brush my teeth. I don't want to get out of bed. I've been so incredibly irritable too and I feel awful because I'm getting upset over tiny things. I haven't felt this low since my dad passed in November. But that's a different kind of depressed. Cause like I mean my dad had just died, I had lost someone incredibly important in my life yknow? This is just my normal depression that I've been dealing with for years but it's so bad right now. I hate feeling like this so much. I haven't been this exhausted in awhile and I have so much going on right now. Finishing my last few weeks of school and taking care of my grandma while also feeling incredibly depressed and having trouble to find motivation to do anything. It's so hard and I'm so tired.",5.0,3.0,scrumptioustoasty,Moderate MDD,d1694860da8df3310cebb3b7e1804b24e212520d088effd53dcf4301eff673ad,True,venting recently ive fucking depressed havent able make anything ive motivation energy anything last tuesday grandma live surgery pretty intense surgery guess ive help lot ive forced things get throughout day ive help medication preparing food washing dishes helping chairs helping bed literally much wake multiple times throughout night make sure takes medication time im genuinely exhausted stress top feeling much depressed usual dont know hoe much take im tired cant bring shower even though need cant brush teeth dont want get bed ive incredibly irritable feel awful im getting upset tiny things havent felt low since dad passed november thats different kind depressed cause like mean dad died lost someone incredibly important life yknow normal depression ive dealing years bad right hate feeling like much havent exhausted awhile much going right finishing last weeks school taking care grandma also feeling incredibly depressed trouble find motivation anything hard im tired,150,-0.9923
1kq54sj,depression,2025-05-19T06:44:48,Is it tiring to care and listen to a depressed person?,"Hello, I have a 5-year relationship with someone who is not mentally stable. I always been a good listener and always take care of her. I'm always careful of things what I say and try not to invalidate her. I have always supported her taking medication and going to therapy if needed. I just wanted to know if it's normal that sometimes I feel tired listening to all the negativity from her, I have always tried to make it positive for her but it's just too much sometimes that I feel tired and stress. I don't wanna say it to her because I don't want her to feel like I'm getting tired of her and I wanted to be strong for her all the time but I am crumbling inside. I really do love her and I don't want to leave her. I don't know if this is normal or I just wanted to get this off my chest. ",3.0,1.0,lyrre_05,Moderate MDD,cb02028dd2ac4c86eb4a0c5354cb1edbaf32bd7fa93c1deefbb7c2d83ed20532,True,hello year relationship someone mentally stable always good listener always take care im always careful things say try invalidate always supported taking medication going therapy needed wanted know normal sometimes feel tired listening negativity always tried make positive much sometimes feel tired stress dont wanna say dont want feel like im getting tired wanted strong time crumbling inside really love dont want leave dont know normal wanted get chest,69,0.7031
1kpy2ee,depression,2025-05-18T23:54:54,I don't wanna live,"It's not in a bad way, or the very worst. I just litteraly don't wanna live. I'm tired of cutting, vomiting every meal, listening to adults complain about problems that should be told to a therapist not a fcking teenager. People at school are annoying. Eating is difficult, it's a hassle, speaking is too much, all I wanna do is sleep. Honestly considering suicide again. I just wanna die already. I don't wanna wait till I'm 20 or older to do cool things. I'm impatient and I'm tired. I should be grateful that I've gotten into a magnet program, that I get to live, but God, I'm so tired. I wish God could just hug me or something. Just tell me something for once in my life. Is my life not valuable? Do I have to make myself noticable? I'm so tired of pretending I'm still okay. I need help so bad. I don't wanna live. Everything is exhausting. Honestly I can't wait to sleep. Living is such a hassle",4.0,1.0,Vo_x3n,Moderate MDD,5cf625fcb1129812c14022dbd67fe25abe08d985c645fcbb087f235e65ee1bb4,True,bad way worst litteraly dont wanna live im tired cutting vomiting every meal listening adults complain problems told therapist fcking teenager people school annoying eating difficult hassle speaking much wanna sleep honestly considering suicide wanna die already dont wanna wait till im older cool things im impatient im tired grateful ive gotten magnet program get live god im tired wish god could hug something tell something life life valuable make noticable im tired pretending im still okay need help bad dont wanna live everything exhausting honestly cant wait sleep living hassle,91,-0.89
1kq7b95,depression,2025-05-19T09:21:06,Well this is embarrassing but…,"I need help getting rid of the “bed rotting” smell that has permeated my bedroom. Since starting medication (Bupropion 300mg CR and Adderall 10mg), I’ve gotten out of the habit of spending hours a day in bed and scrolling. My hygiene has also improved and because of that, odors I’ve previous been nose blind to have become more apparent. I’ve tried opening the window to let in fresh air, candles, incense, carpet freshener, ect., but the odor persists. I want to look forward to coming home and walking into my room and not smelling 10 months of severe depression, poor hygiene and laziness. I’m ready to move forward with new habits and want my space to reflect where I am mentally. Thanks for any advice in advance. ",5.0,4.0,FlyNext4435,Moderate MDD,0215226ed80f4af6ab02d15d24aab19bb589cdae0b95edc218e189313d5c6c4b,True,need help getting rid bed rotting smell permeated bedroom since starting medication bupropion mg cr adderall mg ive gotten habit spending hours day bed scrolling hygiene also improved odors ive previous nose blind become apparent ive tried opening window let fresh air candles incense carpet freshener ect odor persists want look forward coming home walking room smelling months severe depression poor hygiene laziness im ready move forward new habits want space reflect mentally thanks advice advance,76,-0.4404
1kpvq6p,depression,2025-05-18T22:01:56,Decided to kill myself tomorrow,"Whelp, I have gotten as far as I could. I've now reached the point where nothing gives me pleasure. I have been under so much stress from life and I just don't want to suffer it anymore. I've come to terms that yea it will hurt my family and wife but I don't see anyway out of it. I have spent years in treatment and on medication and nothing is working. I believe I was never meant for this world.",396.0,121.0,Ok-Bobcat-4293,Moderate MDD,4c1440ec18958c865050dc19d41da6b92f77dde7e6b3f7cdd4e54422b22be752,True,whelp gotten far could ive reached point nothing gives pleasure much stress life dont want suffer anymore ive come terms yea hurt family wife dont see anyway spent years treatment medication nothing working believe never meant world,37,-0.498
1kq5giy,depression,2025-05-19T07:07:14,Parent's reaction to my Depression,"A little about my background. I am a 28-year-old man, not married, and I was raised in a middle-class family (although more like lower middle class). I have been sincere and dedicated since childhood, I topped my exams and I became a doctor. I am suffering from depression because of my parents. It all started when my father asked me to postpone my operation because of work. That was enough to hurt me. I am on medication. I haven't told any of my family members about it. Once, my mother saw the OPD consultation papers in my bag, which were written in my mother tongue, but she ignored them. It's been more than a year since this incident happened. In between I even told her that I couldn't sleep properly and need to take medicine for sleep. No reaction. No follow-up. I live abroad and don't talk to them regularly; I just answer their questions, for example, once every two weeks for two to three minutes. They expect me to call them daily, yet I don't receive calls from them for weeks if I don't call them first. And give silly reasons that, I might be busy in Work (for weeks??) They love to tell other relatives about my success. They use me to show off, but they don't care about my suffering. I wonder how my mother just ignored my Depression. No doubt she would scream I'm torment if I commit suicide. My father knew my weakness before me but never told me or discussed it even I suffered to them.",6.0,0.0,ContributionChance12,Moderate MDD,42da158643b35d557adb022f8a35f4748e68cd6870b73bb572ed21fe5c58d838,True,little background yearold man married raised middleclass family although like lower middle class sincere dedicated since childhood topped exams became doctor suffering depression parents started father asked postpone operation work enough hurt medication havent told family members mother saw opd consultation papers bag written mother tongue ignored year since incident happened even told couldnt sleep properly need take medicine sleep reaction followup live abroad dont talk regularly answer questions example every two weeks two three minutes expect call daily yet dont receive calls weeks dont call first give silly reasons might busy work weeks love tell relatives success use show dont care suffering wonder mother ignored depression doubt would scream im torment commit suicide father knew weakness never told discussed even suffered,122,-0.9737
1kq8voh,depression,2025-05-19T11:03:33,Dying inside,"I’m so deeply depressed 
I have tried everything to get out of it but in vain . I’m being dumped again , disappointed and helpless. The pain I feel is intractable 
I feel lonely no one really cares about me or my feelings they only judge and go away 
My father never gave the love and protection I need he is always destructive he made me emotionally unstable and hungry waiting for someone to show up 
I can’t build real deep connections
Currently, I feel like I have no dreams and hopeless 
I’m powerless ",3.0,3.0,Omsoso17-2,Moderate MDD,99043a96d0fdd3f9c09cfd592b0ce5e45cfcbb78ccc9d5d78e71037c4789d7b9,True,im deeply depressed tried everything get vain im dumped disappointed helpless pain feel intractable feel lonely one really cares feelings judge go away father never gave love protection need always destructive made emotionally unstable hungry waiting someone show cant build real deep connections currently feel like dreams hopeless im powerless,50,-0.9932
1kpis6e,depression,2025-05-18T12:26:04,I will never forget,"I will never forget when my classmates called me an autistic retard

I will never forget when my classmates called me stupid l

I will never forget when my classmates mocked me

I will never forget when my classmates made me left out

I will never forget when my classmates called me ugly

I will never forget how my classmates were mean to me

I will never forget how I never had any friends

I will never forget how I was always lonely

I will never forget how I always wanted a little attention 

I will never forget how I wanted to talk to somebody 

I will never forget how I was seen inferior by my classmates

I will never forget on how I was left out

I will never forget anything

I will remember anything

I will come back

I will maintain

And I will always come back",0.0,0.0,Persian_Acer2,Moderate MDD,a063959fdbb5e8879f5985e2580a149e0df19c7a851a0e6d9a871817826cba28,True,never forget classmates called autistic retard never forget classmates called stupid l never forget classmates mocked never forget classmates made left never forget classmates called ugly never forget classmates mean never forget never friends never forget always lonely never forget always wanted little attention never forget wanted talk somebody never forget seen inferior classmates never forget left never forget anything remember anything come back maintain always come back,68,-0.5417
1kps1as,depression,2025-05-18T19:20:51,feeling like giving up bc i’m broke and exhausted,"honestly don’t even know why i’m posting this but i’m just so tired. tired of surviving, tired of pretending like it’s all gonna magically work out. i’m broke. like properly broke. i can’t breathe some days just thinking about how i’m gonna make it through the week, let alone life.

it’s not even about the money itself anymore, it’s how being broke eats away at your self worth. like you start to feel like a failure just for existing. i see people thriving, building things, affording therapy, gym memberships, even just... peace. and i’m just here trying to figure out what meal i can skip to make things last longer.

i don’t want to die, but i also don’t want this. this constant fear and shame and pressure. i’ve been trying to manifest, to heal, to change my mindset—but some days it just feels like a cruel joke. like i’m shouting into the void and nothing ever answers back.

idk. if anyone’s been here and somehow got through it… please tell me how. or just say something. i feel invisible and i think that’s what hurts the most.
",1.0,1.0,BobcatMaterial7434,Moderate MDD,054a65a1371bb59b822bba30ec4046e771ac912e042b484bdd4caaf02186d45a,True,honestly dont even know im posting im tired tired surviving tired pretending like gonna magically work im broke like properly broke cant breathe days thinking im gonna make week let alone life even money anymore broke eats away self worth like start feel like failure existing see people thriving building things affording therapy gym memberships even peace im trying figure meal skip make things last longer dont want die also dont want constant fear shame pressure ive trying manifest heal change mindsetbut days feels like cruel joke like im shouting void nothing ever answers back idk anyones somehow got please tell say something feel invisible think thats hurts,108,-0.9755
1kq9wsm,depression,2025-05-19T12:02:00,How can I help her?,"I have a sister struggling in depression and diagnosed ever since she was a teen, we had difficult upbringing and she tolerated so much and was forced to mature so young and now she is a numb adult. 

She turned 30 the past month and doesn’t take care of her basic needs and refuse to let me help her, and I mean by this the most basic things she doesn’t clean herself to the point her hair got so matted that it’s obviously bothering her but she refuse to cut it or let me detangle it, and now she refuse to speak to me completely, with no reason I think she is embarrassed but there is honestly nothing to be embarrassed of, and i try to reach out to her but she avoids me and gets mad at me when I push it. I let her be for a few months but nothing seems to get better she even though our situation has been much better and is not the same as it was when we were children. ",3.0,2.0,CranberryCorrect8235,Moderate MDD,a4ae9341b42a6d0bf625a2e779a85b31703640fe8cf3f8b6ca919fedd0134cde,True,sister struggling depression diagnosed ever since teen difficult upbringing tolerated much forced mature young numb adult turned past month doesnt take care basic needs refuse let help mean basic things doesnt clean point hair got matted obviously bothering refuse cut let detangle refuse speak completely reason think embarrassed honestly nothing embarrassed try reach avoids gets mad push let months nothing seems get better even though situation much better children,69,-0.8049
1kpjiux,depression,2025-05-18T13:05:17,Depression was fun,"I was diagnosed with depression when I was about 11. My father had a big role in this, but I have a question. I've stopped being depressed lately and missed the feeling of sadness. Is this normal ",3.0,1.0,itz88ok,Moderate MDD,0db09f4b5756027f12375865a78ee358448a9976f74fcf3ddc13e3dcf33e5a01,True,diagnosed depression father big role question ive stopped depressed lately missed feeling sadness normal,14,-0.9331
1kpvih9,depression,2025-05-18T21:52:37,Why am I always the 'sad friend',"I've had depression for 3 years + and it really was the most difficult period of my life but now I have friends and for the first time in my life, I'm trying to really get better and actually doing it, but no matter how hard I try they always say things like 'you're not a very colorful person' 'you look tired, like u don't wanna be here' 'you're much more of a 'moon' than a 'sun' type of person'. Like I get it, ik I'm not always shining but damn it its hard, it's really really hard for me and I'm still trying, ik I'm not a very outgoing or smiling type of person but that doesn't mean I wouldn't like to be, I come from a long way okay, somewhere inside of me I'm still that small child that would come from school and needed to hide in the bathroom to cry every single day for years. Nobody gets how hard it is to learn how to actually live after being dead for so long",4.0,1.0,Academic_Commission4,Moderate MDD,170ef91c8d688620b14817b8572ec07e6bf34bc6f0c1856ddfade9bf3bc65594,True,ive depression years really difficult period life friends first time life im trying really get better actually matter hard try always say things like youre colorful person look tired like u dont wanna youre much moon sun type person like get ik im always shining damn hard really really hard im still trying ik im outgoing smiling type person doesnt mean wouldnt like come long way okay somewhere inside im still small child would come school needed hide bathroom cry every single day years nobody gets hard learn actually live dead long,92,-0.8212
1kq5k9s,depression,2025-05-19T07:14:34,I feel like i manage my robotics team too often due to everyone around my club apparently being extremely incompetent to help themselves.,"Im almost around becoming 18 yrs old, and i currently have to constantly manage both my school club.

Ive had the club for 2.5 years, we do robotics and also have a team in FTC. Im both the lead strategist and secretary in the team that both takes notes of what we do in every session of advisory or afterschool. Unfortunately, i found myself to be in a more insufficient role, ""Manager"" that has been keeping everything together because nobody has been willing to do it themselves. I always have to clean their messes they leave such as garbage and everything being disorganized, to tools not being properly cleaned or handled properly. Nobody else in my team seems to really care except for the ""leader"" who time to time comes by while having to ""substitute"" to fill in his constant absence in the team. I've told both the team and the assistant teacher about this growing issue, while also arguements occasionally breaking out between team members and me having to intervene to stop it. Theres also some members who never do anything and just uses our 3D printer for personal use. There's also those who feel lost and without anyone willing to guide them what to do, another shoe i have to fill and keep them busy such as having team members who are free to do small errands, while also teaching them of how the team is structured and what I normally do to maintain our FTC team.

As much as i sometimes enjoy being busy, i also feel like Im taken for granted and used as someone who can pickup slack or whatnot. Ive spoken to team and assistant teacher about it, and while they agree, they never maintain it and continues to happen over and over again. This brought me both stress, but also making me more drained, depressed, and emotionless. I've tried to explain my frustation, only for them to wash that concern away in a week. However, I also really dont wanna leave the team, they need me at this point, and Im afraid that if I leave, the club and team will vanish. Even with mechanics, coders, and the lead still being present, None of them would be well bonded and structured without me. I just feel helpless sometimes, but know that they need me to hold everyone together, keeping everyone in our robotics club and team in check.",2.0,0.0,LucioChuni,Moderate MDD,880d2df80d90f0efe1e1bd8a22c0c074a1d01a1d0fcf653a40a4c96180e016c8,True,im almost around becoming yrs old currently constantly manage school club ive club years robotics also team ftc im lead strategist secretary team takes notes every session advisory afterschool unfortunately found insufficient role manager keeping everything together nobody willing always clean messes leave garbage everything disorganized tools properly cleaned handled properly nobody else team seems really care except leader time time comes substitute fill constant absence team ive told team assistant teacher growing issue also arguements occasionally breaking team members intervene stop theres also members never anything uses printer personal use theres also feel lost without anyone willing guide another shoe fill keep busy team members free small errands also teaching team structured normally maintain ftc team much sometimes enjoy busy also feel like im taken granted used someone pickup slack whatnot ive spoken team assistant teacher agree never maintain continues happen brought stress also making drained depressed emotionless ive tried explain frustation wash concern away week however also really dont wanna leave team need point im afraid leave club team vanish even mechanics coders lead still present none would well bonded structured without feel helpless sometimes know need hold everyone together keeping everyone robotics club team check,198,-0.8154
1kpyui5,depression,2025-05-19T00:35:00,Nothing helps,"Therapy doesn’t seem to help me. I’ve been in therapy for years with different therapists and I’ve tried medication but nothing helps. I’m still depressed, I still feel derealization no matter how many grounding techniques I use. I’m still anxious to the point where I’m scared to get out of the house let alone interact normally with society. I journal, and it doesn’t make me feel any better. It’s hard to think positive when there’s nothing positive in my life at the moment. I honestly just want to die, but if I tell them that like I did before it’ll just make everything worse like it did before. I’m so tired and done with life. I don’t know what to do, I’m so stuck. ",3.0,0.0,dandiikandii,Moderate MDD,0dc66c51c95a6f3d3f857aad38641d30f2a7c2ab926a8309659237d42cefee93,True,therapy doesnt seem help ive therapy years different therapists ive tried medication nothing helps im still depressed still feel derealization matter many grounding techniques use im still anxious point im scared get house let alone interact normally society journal doesnt make feel better hard think positive theres nothing positive life moment honestly want die tell like itll make everything worse like im tired done life dont know im stuck,69,-0.9593
1kpubnj,depression,2025-05-18T20:59:31,"Constant regret about the past, nostalgia etc.","Hi, im having a lot of regret because i missed my high school 5 year reunion last year. I was generally depressed most of my life, and my female friends really helped me in high school. They were so kind and sweet to me because I was just so shy.

I never said to them how much those little gestures meant to me. They invited me everywhere and tried to get me out of my shell. I was too shy and I never got out of my shell, I never reciprocated any interaction, and I deeply regret It.

My grandmother died last year and I was so depressed that I spent most of last year in self isolation, missing the reunion. I also missed out on every social occasion.

Recently Ive also been having these dreams about my missed youth, and these beautiful girls that helped me be a little less depressed. I know it sounds pathetic, but I wont have a chance of meeting all of them again like that. 

In 4 more years, at the 10 year reuinion memories from high school will fade. I feel everyone will forget me, and that no one (including myself) would feel emotions so strongly.  ",2.0,0.0,Dildobagginz_69,Moderate MDD,4b6e8c1b823647c94da86039fb58429adc2196bfc2c64e1ca5f44d25262f51da,True,hi im lot regret missed high school year reunion last year generally depressed life female friends really helped high school kind sweet shy never said much little gestures meant invited everywhere tried get shell shy never got shell never reciprocated interaction deeply regret grandmother died last year depressed spent last year self isolation missing reunion also missed every social occasion recently ive also dreams missed youth beautiful girls helped little less depressed know sounds pathetic wont chance meeting like years year reuinion memories high school fade feel everyone forget one including would feel emotions strongly,95,-0.7977
1kpy1u4,depression,2025-05-18T23:54:06,Just wanted to eat.,"So I’ve learned in therapy to set small goals, haven’t eaten today I know you’re supposed to do that multiple times a day. So I ordered a pizza. It should be a six minute walk to my local pizza place that I place the order at.
When I arrive, I called the wrong location. IS THERE A SMALLER GOAL THAN PLACING AN ORDER FOR PICK UP… needless to say I have not resolved the mistake due to anxiety, shame and just plain disgust with myself . On the bright side I’m not even close to hungry anymore. 
",3.0,3.0,JDOXVC805,Moderate MDD,9d32f2666fa96651587ee940595a30c8fbc04013e4ac4c03fe98e6ba0197c197,True,ive learned therapy set small goals havent eaten today know youre supposed multiple times day ordered pizza six minute walk local pizza place place order arrive called wrong location smaller goal placing order pick needless say resolved mistake due anxiety shame plain disgust bright side im even close hungry anymore,50,-0.8117
1kpky80,depression,2025-05-18T14:14:28,"l feel Iike l missing out on so much in life, l am alone alI the time","
I am 21 autistic. I literally have no sociaI life or even life to begin with im just loneIy and alone all the time. I have no family. I’ve haven’t had a friend in years and I have never had Girłfrienďl and I’m missing out and missed out on so much. i always thought as I missed out on my teen years it will be better when I’m in my 20s. But that hasn’t happened while people are making fond memories with each other i can’t make any. I have no fond memories of anything and it feeIs Iike l'm mereIy existing around others without being noticed.

I'm not even member of society I’m struggling with work and school so I can’t even have that to numb being alone. I try working in My sociaI anxiety I struggle forming connections and always mess it up making me feeI really aIone among peopIe I struggIe to make connections with people it’s realIy hard when I put so much effort into it.l thought l could even try to find onIine friends as I have no luck irl but usualIy ghosting happens though. When I try to get to know someone, they don't even engage In conversation. I'm talking and trying. So just My routine consists of going to colIege, working, and then returning home just that same cycIe. in my free time I tend to play games seems to be the onIy distraction and thing I can only enjoy whiIe being aIone I really don't feeI Iike I'm Iiving, I just exist no better than just being dead honestIy.",2.0,2.0,Lasphere111,Moderate MDD,aefd17632aeba0c29c681396a83da4f96d79222ce9f077c0c7cef9e3e70035b5,True,autistic literally sociai life even life begin im loneiy alone time family ive havent friend years never girfrienl im missing missed much always thought missed teen years better im hasnt happened people making fond memories cant make fond memories anything feeis iike lm mereiy existing around others without noticed im even member society im struggling work school cant even numb alone try working sociai anxiety struggle forming connections always mess making feei really aione among peopie struggie make connections people realiy hard put much effort itl thought l could even try find oniine friends luck irl usualiy ghosting happens though try get know someone dont even engage conversation im talking trying routine consists going coliege working returning home cycie free time tend play games seems oniy distraction thing enjoy whiie aione really dont feei iike im iiving exist better dead honestiy,141,-0.9441
1kpyprq,depression,2025-05-19T00:28:11,"l feel like l missing out on so much in Iife, l am alone aIl the time.","


I am 21 autistic. I literally have no sociaI life or even life to begin with im just loneIy and alone all the time. I have no family. I’ve haven’t had a friend in years and I have never had Girłfrienďl and I’m missing out and missed out on so much. i always thought as I missed out on my teen years it will be better when I’m in my 20s. But that hasn’t happened while people are making fond memories with each other i can’t make any. I have no fond memories of anything and it feeIs Iike l'm mereIy existing around others without being noticed.

I'm not even member of society I’m struggling with work and school so I can’t even have that to numb being alone. I try working in My sociaI anxiety I struggle forming connections and aIways mess it up making me feeI really aIone among peopIe I struggle to make connections with people it’s realIy hard when I put so much effort into it.l thought l could even try to find onIine friends as I have no luck irl but usualIy ghosting happens though. When I try to get to know someone, they don't even engage In conversation. 

I'm talking and trying. So just My routine consists of going to colIege, working, and then returning home just that same cycIe. in my free time I tend to play games seems to be the onIy distraction and thing I can onIy enjoy whiIe being aIone I really don't feeI Iike I'm Iiving, I just exist no better than just being dead honestIy.",2.0,0.0,Charain9958,Moderate MDD,b913190611696456aeebc126662bb6693df63caeadd9bbb85600b070b4ab20dd,True,autistic literally sociai life even life begin im loneiy alone time family ive havent friend years never girfrienl im missing missed much always thought missed teen years better im hasnt happened people making fond memories cant make fond memories anything feeis iike lm mereiy existing around others without noticed im even member society im struggling work school cant even numb alone try working sociai anxiety struggle forming connections aiways mess making feei really aione among peopie struggle make connections people realiy hard put much effort itl thought l could even try find oniine friends luck irl usualiy ghosting happens though try get know someone dont even engage conversation im talking trying routine consists going coliege working returning home cycie free time tend play games seems oniy distraction thing oniy enjoy whiie aione really dont feei iike im iiving exist better dead honestiy,142,-0.9586
1kq8xow,depression,2025-05-19T11:06:47,The final month,"Probably will just end it all by this month.
Tired of everything.
This post has no meaning, just to rant and get it out my chest.",1.0,1.0,HanonSilverleaf,Moderate MDD,f292f40a654c6c88fa4a9d0236467ce16fc1fc002d93805b363cc74f25878443,True,probably end month tired everything post meaning rant get chest,10,-0.7579
1kpup9o,depression,2025-05-18T21:16:04,How to stop being fucked up,"I've struggled with my mental health for years, self harming at only 10 years old. From 7-13 I was in an abusive household, seeing my older brother beat up my parents and try to commit suicide while my parents held him back, he moved out when I was 13. At 14 I had developed anorexia and was raped at 15. Throughout my life I have been bullied everytime I've been at a school. I'm 18 now, I have gotten my mental health to the best it has been in a while but I'm so sick in the head. I watch gore online and I have impulsive or intrusive whatever its called thoughts about people that I don't want to have. Like wanting to rape my boyfriend (I would never ever EVER do that or anything close) and wanting to murder someone. Why am I like this? I can't control the thoughts either, I cant help getting enjoyment from watching gore and seeing people dying. Please someone help me.",2.0,1.0,lancedaviss,Moderate MDD,5418b718df7c83c32f1de9afffc64dbdf3b04902b722c512e3abb410b44255b9,True,ive struggled mental health years self harming years old abusive household seeing older brother beat parents try commit suicide parents held back moved developed anorexia raped throughout life bullied everytime ive school im gotten mental health best im sick head watch gore online impulsive intrusive whatever called thoughts people dont want like wanting rape boyfriend would never ever ever anything close wanting murder someone like cant control thoughts either cant help getting enjoyment watching gore seeing people dying please someone help,81,-0.9789
1kpualv,depression,2025-05-18T20:58:18,I'm spiraling so bad.,"I've been having such bad anxiety about the future that it starts to turn into anxiety about everything. I'm 26 & my life has been nothing but periods of addiction, depressive episodes, all-around anxiety, eating disorders, etc. I called out of work 2 days in a row, something that will surely make me seem like an unreliable piece of shit to my managers. I don't have the support network I need. I'm in desperate need of a psychiatrist & therapist but I flaked on the first appointment I was supposed to have weeks ago because I couldn't get a ride. I'm venting too hard but looking at it all written out, I don't even know where to start. Somehow I feel like my problems are so much less than what other people are dealing with but I feel like I'm constantly in a life or death situation so it FEELS differently than what it is. The suicidal ideation is so much stronger these days. Most of the time, I don't know how I'm going to make it out. Actually no. ALL THE TIME. I'm probably one step away from losing everything, but at least I've stayed sober I guess.",6.0,2.0,noodleluvr,Moderate MDD,adb12b10b55efdd233b6057d5ea30f050590e8312df7180c591b815fd84b0aea,True,ive bad anxiety future starts turn anxiety everything im life nothing periods addiction depressive episodes allaround anxiety eating disorders etc called work days row something surely make seem like unreliable piece shit managers dont support network need im desperate need psychiatrist therapist flaked first appointment supposed weeks ago couldnt get ride im venting hard looking written dont even know start somehow feel like problems much less people dealing feel like im constantly life death situation feels differently suicidal ideation much stronger days time dont know im going make actually time im probably one step away losing everything least ive stayed sober guess,102,-0.9715
1kqb5tg,depression,2025-05-19T13:03:51,Wife told me to leave the house…,"Long story short, my stubbornness got the best of me again and wife lost her shit and told me to get out.
Been really depressed and I have so many negative thoughts in my head(suicide, low self esteem, failure).
My biggest problem is I have no one to talk to.
I usually wake up early in the morning so I would just watch tv to keep my head numb so I don’t have to think.
I also have anxiety which I already take meds for.
I just wish I had someone to hug and tell me everything will be alright. 
I’m not a bad person, I’m just an introvert and someone who is really insecure.
Idk I just felt like I had to get that out of my chest.",6.0,1.0,PomegranateSuper8786,Moderate MDD,745d74bb76f88f001f4532e1bb283294577857bc18210e36bfa55d614cac4330,True,long story short stubbornness got best wife lost shit told get really depressed many negative thoughts headsuicide low self esteem failure biggest problem one talk usually wake early morning would watch tv keep head numb dont think also anxiety already take meds wish someone hug tell everything alright im bad person im introvert someone really insecure idk felt like get chest,61,-0.937
1kpiweo,depression,2025-05-18T12:32:29,I should not be depressed.,"I just did an experiment and filled in 2 pages back to back in my diary of achievements and experiences that make me feel good and special. But for the vast majority of my time in my life I feel worthless and lonely. I've had objectively bad times where I felt happy and satisfied and objectively good times where I feel completely devoid of happiness and worthless. This is one of those phases and I have no idea how long it will last this time.

The only thing that has helped is psychiatric medication and it's been a lot of trial and error. My psych. is confident that my new prescription will work but it's been 3 weeks and I haven't felt any different. In terms of functioning right now, I go to work but the rest of my time is just spent in bed and I completely neglect the things I have to do.",6.0,0.0,_humanERROR_,Moderate MDD,d0aec15c6d6737a314264bad5d0349e22b8f4a3a11d1cfe08b4f16ec19a64472,True,experiment filled pages back back diary achievements experiences make feel good special vast majority time life feel worthless lonely ive objectively bad times felt happy satisfied objectively good times feel completely devoid happiness worthless one phases idea long last time thing helped psychiatric medication lot trial error psych confident new prescription work weeks havent felt different terms functioning right go work rest time spent bed completely neglect things,68,-0.1265
1kq2wev,depression,2025-05-19T04:18:24,Need help but don't know where to go.,"Hi, first time posting so I hope I'm doing this right. 

I think I'm reaching my limit and don't know how long I can take this anymore. I've been depressed about my failures, can't really enjoy or feel happy about anything anymore, my chest has been hurting from my anxiety for several weeks straight now without stopping, and I feel more worthless than ever. I feel like I let everyone down. I need help or anything really but things like therapy seem too expensive and I'm still just a student. I can't spend too much time doing other things either because of being busy as a student. I'm in Canada so if anyone had any advice on what I could do that doesn't involve spending too much money that would be well appreciated. Something to help get over the guilt and try to feel normal hopefully.",5.0,1.0,Familiar_Strength480,Moderate MDD,b8426db816290a4bfcad7d5630b7120807d08f3acf7ac8c5f5e6cabed30b54f6,True,hi first time posting hope im right think im reaching limit dont know long take anymore ive depressed failures cant really enjoy feel happy anything anymore chest hurting anxiety several weeks straight without stopping feel worthless ever feel like let everyone need help anything really things like therapy seem expensive im still student cant spend much time things either busy student im canada anyone advice could doesnt involve spending much money would well appreciated something help get guilt try feel normal hopefully,82,0.9426
1kpsfhg,depression,2025-05-18T19:37:47,Starting Medication,"ive started antidepressants and stimulants for adhd

its only been a few days and

i feel so
intensely numb for a significant portion of the day.
with my lack of emotional permanence and memory issues
i struggle to recall if this is how i usually feel
i know prior to being medicated id crash almost everyday i dont
know if its the same or not though.

i know it takes time to work
im just impatient and keep hearing people tell stories of how it DIDNT work for them.
or how it took
forever to figure things out.

i feel stuck or doomed.
i want to seek out SOMETHING to feel.
i need to get better--i feel like i cant keep handling ""me""?

i cant tell if the adhd meds are working or not either because i dont want to do much. i dont care. 

everything sounds conceptually exhausting. 

i havent been able to afford therapy anymore (thank you, insurance!)
rents going to go up soon.
i really struggle to function some days.

its been seeming like everything is just
headed downhill and going to get worse.
i dont know how to handle it.

if you guys have any experience with medication
or tips to just
get through
please.",1.0,0.0,XahnesOnReddit,Moderate MDD,2897e6b09884335bb0c67c36cdbd4b939d20ecc328a621bacd804d498f0b1250,True,ive started antidepressants stimulants adhd days feel intensely numb significant portion day lack emotional permanence memory issues struggle recall usually feel know prior medicated id crash almost everyday dont know though know takes time work im impatient keep hearing people tell stories didnt work took forever figure things feel stuck doomed want seek something feel need get betteri feel like cant keep handling cant tell adhd meds working either dont want much dont care everything sounds conceptually exhausting havent able afford therapy anymore thank insurance rents going go soon really struggle function days seeming like everything headed downhill going get worse dont know handle guys experience medication tips get please,110,-0.9478
1kq38fc,depression,2025-05-19T04:39:09,I don’t want to do anything anymore,"I don’t have any passion for much of anything left in life anymore. I don’t even want to keep going for my current degree. I don’t know how to tell my parents it’s not that I want a different major. It’s simply that my passion for just about everything in life has just straight up died. 
I just want to disappear. I wish I was never born in the first place. Suicide feels like it’s the first thing I think about anytime there’s any level of stress in my life and I’m tired of it. 
I’m just so tired of trying and often times I can’t bring myself to take care of myself when I’m by myself. Heck writing this post alone felt like a lot of effort for me. 
It’s clear that God doesn’t love me despite how hard I try to seek him. I tried so hard to have relationship with God only for him to ignore me in every turn. I can’t find any meaning or value behind trying anymore as I’m not even sure God is real anymore.",3.0,1.0,YellowSure893,Moderate MDD,36e9d7cf5fceaec4c1f7527858ba64d29ae7197ab953bc1ba7f397d6e02b9454,True,dont passion much anything left life anymore dont even want keep going current degree dont know tell parents want different major simply passion everything life straight died want disappear wish never born first place suicide feels like first thing think anytime theres level stress life im tired im tired trying often times cant bring take care im heck writing post alone felt like lot effort clear god doesnt love despite hard try seek tried hard relationship god ignore every turn cant find meaning value behind trying anymore im even sure god real anymore,93,0.509
1kq4trn,depression,2025-05-19T06:23:59,Feels like death is the only option left for me!,"40 year old single male here from Bangalore, with heavy heart and unbearable despair!



To tell my story briefly: I met with a bus accident while studying PUC, thus was unable to continue with studies, although i tried to finish my degree with distance education, as i was already working, i did not get leaves to write the exam. Yet, I have worked with different industries like: computer faculty, graphic design, loan processing executive, data management, system admin, content manager, digital marketing manager etc..., At one point of time, i was had more than 40 people in my team! Due to change in upper management, when a new ceo stepped in, i was forced to quit the company after 4.5 years in 2017!, yet, i did find other jobs, and during Covid, i lost that job too as the job was given to an agency in Delhi. Since covid, couple of friends asked for logo and website and since then i have been doing Freelancing in brand management, website design, posters, seo, sem, infographics, packaging design, powerpoint designs etc...



As every other, i too have fallen in love many a times, only to see them getting married to somebody else end of the day! My problem? i am always nice and respectful to womankind, and all the women i have seen in my life are stuck with the ""bad boys"" and suffering now! Here's wishing all their problems goes away soon!



i am living with my elderly and weak parents who need my support, Although i had couple of opportunities to go abroad and and make money, i couldn't leave my parents, and I do not regret it...



Now, since couple of years, I have fallen into deep depression. I couldn't land clients and earn money, so I started taking those loans from the calls and sms and whatsapp messages. Just to clear this month's emi's and rent n stuff, i started taking loans... And it has piled up a lot now! I did take bit help from friends and family, yet, it did not help! I did kept on applying for jobs, because i am 40, and I do not have a degree, i did not get jobs as well!, I am a bit of creative person as well and have couple of creative hobbies like painting and papercrafts etc, yet, I am unable to utilize it and earn through it as well! Everybody wants to hire a youthful person or females... But can never give a chance on me! I did try Swiggy, zomato, instamart, rapido etc delivery jobs, but I was never able to earn much! To add fuel to the fury, my depression worsened, i did try all kind of remedies available on the internet and it just kept on building!



I think i am the most cursed, bad luck bearing person in the world! nothing works for me!



I did try all those money making methods available on the internet: affiliate marketing, kdp, clicking ads, data entry typing, this and that! Nothing worked! or the ones which worked on the videos which seem easy, nobody gives out the information which is exactly needed!!



Now my monthly expenses with all the emi's and rent and household expenses has crossed over a lakh and every month feels like i am going to crumble! I feel my time has now arrived, and I am really not able to earn anything and i am worried that all the banks who have given me loan will start coming home and harass my parents and me, and I am now in a situation where i do not have money to buy even milk and vegetables for home!



Now, i just to die for sure, do not want to jump from somewhere, or in front of somewhere and end up being a disabled and continue to suffer in this world!



I am unable to take it anymore! i do not want live anymore!

",1.0,0.0,Competitive-Act6639,Moderate MDD,fe37d0b18d78e4c88667465cc7afa94766da66a7a908628bd599b71e5265ff3e,True,year old single male bangalore heavy heart unbearable despair tell story briefly met bus accident studying puc thus unable continue studies although tried finish degree distance education already working get leaves write exam yet worked different industries like computer faculty graphic design loan processing executive data management system admin content manager digital marketing manager etc one point time people team due change upper management new ceo stepped forced quit company years yet find jobs covid lost job job given agency delhi since covid couple friends asked logo website since freelancing brand management website design posters seo sem infographics packaging design powerpoint designs etc every fallen love many times see getting married somebody else end day problem always nice respectful womankind women seen life stuck bad boys suffering heres wishing problems goes away soon living elderly weak parents need support although couple opportunities go abroad make money couldnt leave parents regret since couple years fallen deep depression couldnt land clients earn money started taking loans calls sms whatsapp messages clear months emis rent n stuff started taking loans piled lot take bit help friends family yet help kept applying jobs degree get jobs well bit creative person well couple creative hobbies like painting papercrafts etc yet unable utilize earn well everybody wants hire youthful person females never give chance try swiggy zomato instamart rapido etc delivery jobs never able earn much add fuel fury depression worsened try kind remedies available internet kept building think cursed bad luck bearing person world nothing works try money making methods available internet affiliate marketing kdp clicking ads data entry typing nothing worked ones worked videos seem easy nobody gives information exactly needed monthly expenses emis rent household expenses crossed lakh every month feels like going crumble feel time arrived really able earn anything worried banks given loan start coming home harass parents situation money buy even milk vegetables home die sure want jump somewhere front somewhere end disabled continue suffer world unable take anymore want live anymore,332,-0.9581
1kq4w1a,depression,2025-05-19T06:28:16,Depressed but why?,"
Depression is something I’ve battled all my 20 sum years of life. It got worse in 2021 when I lost my mom to an od, the event and details of the story itself was traumatic enough to cause lifelong ptsd. 
Recently I’m doing better with the survivors guilt but there’s something I’ll probably never get over with depression. The fact that once I find myself winning in most categories of life,, it’s not enough. I’m in love with one of my life long best friends and we just started going out, I met his family. I’m doing good with most my friends and I just finished my first semester at my community college. I have the opportunity to make some really good money. I just feel a major burnout coming, full of self sabotage and doubt. I recognize it, and hate it but i don’t know how to stop it. Sometimes I down play my mental health as of course, it’s easier to ignore than care for. I miss my mom, and I feel like my childhood was ripped from me. I want to confide in the boy friend or my friends but i feel it’s pointless. For so many reasons. 
Why do the good things get just so so tiring . I know I enjoy these things and it’s like at moments a whole different mean and spitefil version of me takes over. I hate everything and I ask myself why it makes no sense. ",3.0,0.0,JaiGuruDeVaO,Moderate MDD,dc76e666ae944c8bf4c81bf6f9409a6e9e49f6fc96307102e266051e255ebd9a,True,depression something ive battled sum years life got worse lost mom od event details story traumatic enough cause lifelong ptsd recently im better survivors guilt theres something ill probably never get depression fact find winning categories life enough im love one life long best friends started going met family im good friends finished first semester community college opportunity make really good money feel major burnout coming full self sabotage doubt recognize hate dont know stop sometimes play mental health course easier ignore care miss mom feel like childhood ripped want confide boy friend friends feel pointless many reasons good things get tiring know enjoy things like moments whole different mean spitefil version takes hate everything ask makes sense,118,0.9888
1kpxuob,depression,2025-05-18T23:44:21,Obsessive depression thoughts,I can’t shack this obsessive thought out of my head and is causing chest pain and anxiety. And because of this thought I feel like that I should just disappear. Would anyone really care if I disappear?,4.0,4.0,TransMan1990,Moderate MDD,932d70b91b735b95ce209eed57d4558fe32fb7a2d777e0f8b563ac0c48d9899a,True,cant shack obsessive thought head causing chest pain anxiety thought feel like disappear would anyone really care disappear,18,-0.4464
1kq79oa,depression,2025-05-19T09:18:07,I really think I am at the end,"I thought about suicide but concluded that I will not or i cannot... Whenever I try to tell my problems people said you are overthiking this, it is not like that, just wait someone will be for you, then they suggested how should I compensate my lacks in me by money, fame etc. etc. , How other people are going through it too, people told me on my face how what I am right now is not up to the standards and should do more to make myself attractive etc etc. Thing is I have not only become tired but bored listening this.... Nowadays it didn't even hurt.... Things I have problem with is I can't expect from people because of my lack but I should perform all duties and responsibilities... Like at that time my lacks shouldn't be hindrance in work or other things... Again it is what is... I am happy now that my body started giving up, i can feel it going down day by day... Jaws getting clinched on teeth, not able to breath if I am speaking, sleep totally controlling me etc etc... 
I am writing this because I really need this end and I am expecting lot from it... If this doesn't work i need to get away from society , but don't have guts to do it, or nobody will allow me to leave my responsibilities... I think my death would prove my pain and ailment and atleast at my funeral i will be allowed to be me and people would be there for me....",4.0,0.0,Informal-Pea-9760,Moderate MDD,fb7086903a980f30fc4cae7e79dd80533634863e7d19a51cfc7fce387ede16ca,True,thought suicide concluded cannot whenever try tell problems people said overthiking like wait someone suggested compensate lacks money fame etc etc people going people told face right standards make attractive etc etc thing become tired bored listening nowadays didnt even hurt things problem cant expect people lack perform duties responsibilities like time lacks shouldnt hindrance work things happy body started giving feel going day day jaws getting clinched teeth able breath speaking sleep totally controlling etc etc writing really need end expecting lot doesnt work need get away society dont guts nobody allow leave responsibilities think death would prove pain ailment atleast funeral allowed people would,106,-0.0913
1kpu9n3,depression,2025-05-18T20:57:08,What motivates you to wake up in the morning ?,"I honestly wakeup because I have to ! 
An appointment, my job or other things. If I didn't I would rather Just sleeps or stay in bed . Is this a sign of depression? 

I would rot all day in bed . I live with my parents and feel super guilty about It . 
Young people have hopes , Dreams , excitement.  And here I am a 23 year old in a body of a Granny!!!

Every day I hate having to wakeup and go to my job . It's an hour rethinking my Life choices . Literally 🤣 Just for some more sleep .
My Life Is all about working and eating( maybe something I enjoy) . 

So any tip Is much Needed . Thnx",4.0,5.0,Interesting-Month786,Moderate MDD,c09657a119a13a166143f575af4ff646bfad260d134ce7f02f65eb84c2c66579,True,honestly wakeup appointment job things didnt would rather sleeps stay bed sign depression would rot day bed live parents feel super guilty young people hopes dreams excitement year old body granny every day hate wakeup go job hour rethinking life choices literally sleep life working eating maybe something enjoy tip much needed thnx,53,0.918
1kq26ab,depression,2025-05-19T03:36:39,parent commit suicide,"I am 25. I have a 4 year old daughter, that i've raised completely alone until the last year after a suicidal crisis that alarmed social services. my mother stepped up to help, and we live with her now. my mental health has been severe and constant, and it's getting bad again. she's been my only reason for living, but now i feel like she doesn't need me around anymore. i don't contribute anything, i can't get out of bed. i dropped out of college. i'm scared to get help again because of what happened to me last time. i feel confident that she's in better hands and i keep telling myself that being alive is a burden on everybody. that if i die now, it will be better for her than later. she'll forget. i guess that i'm on here as a last resort, to hear experiences from someone that has dealt with this loss. will she be fine, will she be angry? just anything to make me feel grounded on earth again, bc i've lost that feeling of needing to stay ",47.0,34.0,ativangelic,Moderate MDD,6dbec5a9783ac45daa02cf80f9a3d46764f55efb5065a73355aec25f9dbeb35d,True,year old daughter ive raised completely alone last year suicidal crisis alarmed social services mother stepped help live mental health severe constant getting bad shes reason living feel like doesnt need around anymore dont contribute anything cant get bed dropped college im scared get help happened last time feel confident shes better hands keep telling alive burden everybody die better later shell forget guess im last resort hear experiences someone dealt loss fine angry anything make feel grounded earth bc ive lost feeling needing stay,85,-0.873
1kq4xge,depression,2025-05-19T06:31:00,I thought I wouldn't want to lose this year for my birthday,"Last year I had a plan, to the point where my therapist was extremely worried when I was late to the appointment afterwards. But I didn't go through with it. I don't know. This wear I want to again. My birthday is on Tuesday. I'm just tired of being alone, feeling like an alien. I've reached a point where I can no longer go into a store alone. I can barely go to the park alone. I just feel like everything I do is wrong, the way I walk, speak, act, look. 

Me and my sister are close. One of her friends found out I have no friends, her birthday was also coming up, so she turned her party into a duo one. It feels like it was out of pity. But people tried to talk to me and we're patient so I felt okay after the social interaction which I haven't felt in years.

She invited me to her second birthday party (yeah, she had two. Idk why, I think it's bc she has so many friends). It was more people and since there was no obligation to speak to me, no one did. I don't know how to hop into conversations. I never have anything to say or contribute so I don't talk, unless I'm prompted or the rare chance I do think of something. I think I said two sentences in the like 4 hours. All the people there love her, they all signed a card for her, it made me feel jealous and alone. Later on, she was talking about bumble BFF and how she's made three really close friends from it. I've used it for four years and haven't found one. People there kept making jokes about being neurodivergent. It made me feel even more like an alien. That's a group where I'm supposed to feel understanding and belonging but I feel ostracized and like I'm too messed up for even that label.

I don't know what to think. I told my mom about my struggles to talk to people and loneliness and how I can't go shopping. She cried, I didn't mean to make her cry. I feel so guilty and like a burden. 

I feel alone. I don't know how to talk to people, I don't know how to be a human, I don't know how to leave my house without the feeling that everyone is watching me because I'm doing something wrong that everyone else is aware of except for me.

I have a boyfriend with a drinking problem, I've done a lot to support him. When he heavily drank and said mean things to me and did things, I tried my best to comfort him and make sure he was okay. I kept my suicide plan a secret from him because I didn't want to make him drunk more. There's a lot I still feel like I can't tell him. He's the only person besides my sister that I talk to and hang out with and he helps me get out of the house.

I just want people to care about me without an obligation to (family) or to get something out of me. I feel like my mental health has deteriorated more and I'm too autistic for life.

The thing is, ever since I've been on medication, I have no need to kill myself. And I want to. God, I fucking want to. But it feels like the desire is gone because of the mess. I hate it. I want a way out. I've been like this for five years, I can't take it. I'm tired of trying with no change. I want to die but my brain refuses. I just want to have the gift of death on my birthday but I won't get it. I'll just get who knows how many more years of this hell.",1.0,0.0,donutblade,Moderate MDD,1d9cd2d07a9d54f529bd259cec3646946959b816536b2fbb7b10a7bff26f77bb,True,last year plan point therapist extremely worried late appointment afterwards didnt go dont know wear want birthday tuesday im tired alone feeling like alien ive reached point longer go store alone barely go park alone feel like everything wrong way walk speak act look sister close one friends found friends birthday also coming turned party duo one feels like pity people tried talk patient felt okay social interaction havent felt years invited second birthday party yeah two idk think bc many friends people since obligation speak one dont know hop conversations never anything say contribute dont talk unless im prompted rare chance think something think said two sentences like hours people love signed card made feel jealous alone later talking bumble bff shes made three really close friends ive used four years havent found one people kept making jokes neurodivergent made feel even like alien thats group im supposed feel understanding belonging feel ostracized like im messed even label dont know think told mom struggles talk people loneliness cant go shopping cried didnt mean make cry feel guilty like burden feel alone dont know talk people dont know human dont know leave house without feeling everyone watching im something wrong everyone else aware except boyfriend drinking problem ive done lot support heavily drank said mean things things tried best comfort make sure okay kept suicide plan secret didnt want make drunk theres lot still feel like cant tell hes person besides sister talk hang helps get house want people care without obligation family get something feel like mental health deteriorated im autistic life thing ever since ive medication need kill want god fucking want feels like desire gone mess hate want way ive like five years cant take im tired trying change want die brain refuses want gift death birthday wont get ill get knows many years hell,308,-0.8436
1kq0v7a,depression,2025-05-19T02:23:10,Lonely,Ever be watching a movie and one character asks another “hey are you ok?” Then you start crying…. Or is that jus me?,3.0,2.0,mademas11,Moderate MDD,78cd51f6de765caf0b922f383df584fa13ceba2228223f80be081378f5abbeaf,True,ever watching movie one character asks another hey ok start crying jus,12,0.0
1kpsp05,depression,2025-05-18T19:49:05,Sanity,"I have had enough like I don’t know what to do anymore. I have took antidepressants and stuff for 4 years and it stopped but it never gotten better. I keep having arguments with my family because I want to die. I have been depressed for 7 years since I was 14. This cycle of argument crying pain just keep happening, I ask them to allow me to apply for assisted suicide so I won’t have to suffer anymore they keep denying yet saying there is a reason for me to live without telling me what it is. Is such hypocrisy if I continue like this I won’t stay sane any longer I want to be able to at least have control over my body and not others. I tried overdosing, jumping off a building and I am. It dead yet. I want my family to be peaceful I want my family to be happy but everyone can’t and won’t agree with each other no body listens to each other. Everything feels superficial nothing about these relationship feels real it all feels forced. I hate my family I hate everyone around me I want to love but I can’t there is no road for me to go. I want to be able to love and care I don’t know what it is. Family say look in the future there is hope is been 7 years I have seen nothing but worsening pain and worst arguments. Ever since I was a kid my parents threaten me with their suicide if I don’t do well in school this sounds stupid but I am traumatised. They say sorry everytime after hitting me yet continues I don’t know what is this love they are seeing. I want to make friends but I am always disposable where people ditch me if they have someone else I can’t see anything. I live everyday hanging off burst of unhealthy addictions I hate this so much. If I can have a memory loss or forget this shit ass personality would have been great. Why don’t I deserve to be normal why can’t I talk to people. Even posting this took so much from me.  I just can’t see anything for me anymore. I don’t trust doctors anymore.",1.0,0.0,Fancy_Recipe_5722,Moderate MDD,af65395f1818089bfa4bf4b15766dff64eb81c829f83c0e534259bee130f2775,True,enough like dont know anymore took antidepressants stuff years stopped never gotten better keep arguments family want die depressed years since cycle argument crying pain keep happening ask allow apply assisted suicide wont suffer anymore keep denying yet saying reason live without telling hypocrisy continue like wont stay sane longer want able least control body others tried overdosing jumping building dead yet want family peaceful want family happy everyone cant wont agree body listens everything feels superficial nothing relationship feels real feels forced hate family hate everyone around want love cant road go want able love care dont know family say look future hope years seen nothing worsening pain worst arguments ever since kid parents threaten suicide dont well school sounds stupid traumatised say sorry everytime hitting yet continues dont know love seeing want make friends always disposable people ditch someone else cant see anything live everyday hanging burst unhealthy addictions hate much memory loss forget shit ass personality would great dont deserve normal cant talk people even posting took much cant see anything anymore dont trust doctors anymore,179,-0.9949
1kpzrze,depression,2025-05-19T01:24:39,I can’t think of anything other than suicide now. I have never felt so worthless in my life.,"I am constantly thinking about it now. Basically every moment I am awake. There’s nothing that helps. The only freedom I get from it is sleep when I can actually manage to. I’ve been so sad, so incredibly exhausted from the pain and the loneliness that I can’t take it anymore. When I’m not sad, I feel this apathy for everything. No one gives a fuck and I can tell that I’m just not important to anyone. I’m trying to put it off as long as I can. I don’t think I actually want to go… but I don’t think I have anything left that makes me want to stay. 

I wish I had someone I could reach out to every day that would be there. I don’t even need much conversation. I’m having the hardest time at night, when I have no one that will be on the phone with me. ",3.0,3.0,lost-mermaide,Moderate MDD,2d74748394c4819b3e9338c19f31ac1b2747e6f0c98b747be99f83a78b89d2c7,True,constantly thinking basically every moment awake theres nothing helps freedom get sleep actually manage ive sad incredibly exhausted pain loneliness cant take anymore im sad feel apathy everything one gives fuck tell im important anyone im trying put long dont think actually want go dont think anything left makes want stay wish someone could reach every day would dont even need much conversation im hardest time night one phone,69,-0.7345
1kq44ef,depression,2025-05-19T05:36:47,Depression and low self esteem has contributed to me not moving forward with my life,"Hi, I’ve had depression since I was 16, and I’m 24 now. It feels like I’m regressing to that 16-year-old self who had nothing going for her and believed that the world was just better off without her.

Just a little backstory: I never graduated college. I have aspirations to become a psychologist, and everyone believes I’m capable except me. I’m thinking of doing technical school, and then after I’m stable enough, I can go and pursue a career I truly want. I’m not sure what that may be, but I’m trying to be open to many suggestions.

The problem is, for the past year I’ve been working on certifications on things that can help me be able to choose some type of career. Examples include RBT, medical assisting, and payroll, with each ending with me quitting or realizing it’s not the right path for me.

Also, I’m not confident in myself or in my capabilities to be better and pursue a career because I don’t believe I’m good enough or hardworking enough or smart enough. My depression plays a part into it, yes, but to be honest I believe it has a lot to do with my self-esteem as well. I’ve been the only one in my life who doesn’t see how “bright” I am.

The thing is, deep down I believe I have potential, but I always keep making excuses because I’ve failed so many times. I want to be able to believe in myself and raise my self-esteem, but I’ve hated myself for so long I just don’t know how to climb out of this hole.

Any advice is appreciated. Thank you so much.",3.0,1.0,euphoriariver,Moderate MDD,42a28fa6adedcab467a5bafa58f0cead9db5e28ff1c0c0ce0a50568f94168ad0,True,hi ive depression since im feels like im regressing yearold self nothing going believed world better without little backstory never graduated college aspirations become psychologist everyone believes im capable except im thinking technical school im stable enough go pursue career truly want im sure may im trying open many suggestions problem past year ive working certifications things help able choose type career examples include rbt medical assisting payroll ending quitting realizing right path also im confident capabilities better pursue career dont believe im good enough hardworking enough smart enough depression plays part yes honest believe lot selfesteem well ive one life doesnt see bright thing deep believe potential always keep making excuses ive failed many times want able believe raise selfesteem ive hated long dont know climb hole advice appreciated thank much,132,0.9449
1kpwh8r,depression,2025-05-18T22:36:07,Not sure what’s wrong with me,"I’m just so miserable and deflated all the time and I don’t know why. I am an 18 year old girl with the best parents I could ask for and a lovely boyfriend. I am so privileged to be so loved. I feel so selfish and crazy for just waking up and feeling so numb all day. 
My friends are such bundles of energy and joy, I just can’t comprehend how to be that, a day where I feel good and careless is an abnormal one for me.
I feel so insane trying to explain this to my boyfriend, and that no matter how much I try I just feel so bad. 

Nothing has happened to me to cause this, and that’s why I feel so selfish. Sometimes I just feel like I’m hardwired to be so miserable, I’m just so full of sadness and anxiety and I’ve tried so many ways and mindsets to fix it, but it feels so wrong that I have to try in the first place. I don’t know what is wrong with me. ",3.0,0.0,No_Excuse_6217,Moderate MDD,917d780301aae37c5b16f7d072f1c668910e4d8fcc00c2636308a54cb3535514,True,im miserable deflated time dont know year old girl best parents could ask lovely boyfriend privileged loved feel selfish crazy waking feeling numb day friends bundles energy joy cant comprehend day feel good careless abnormal one feel insane trying explain boyfriend matter much try feel bad nothing happened cause thats feel selfish sometimes feel like im hardwired miserable im full sadness anxiety ive tried many ways mindsets fix feels wrong try first place dont know wrong,76,-0.9264
1kpmdri,depression,2025-05-18T15:18:27,I’m so down and depressed that I cannot even explain it here in one post,"But if I want to tell you in one sentence I want to say that I can feel the darkness looming over me and in any direction I look I don’t see any signs of light

I even know what is the way out of the darkness, but I cannot take any steps. It’s like anything. Any idea that comes to mind I know I have done it before and I know it’s going to fail. 

I’m using metaphor because if I want to explicitly explain everything and the whole background story, I have to Describe 29 years of story and that wouldn’t fit in one post so yeah darkness it’s all over the place and me.


",3.0,0.0,External_Quality5613,Moderate MDD,9dbdb6fc1c2ec85371a5c2e6488dcd9062b7a2f0541ca04701469f9bdb35b47b,True,want tell one sentence want say feel darkness looming direction look dont see signs light even know way darkness cannot take steps like anything idea comes mind know done know going fail im using metaphor want explicitly explain everything whole background story describe years story wouldnt fit one post yeah darkness place,52,-0.0819
1kpkvpc,depression,2025-05-18T14:11:20,Im so done.,"I have been struggling with depression since 5th grade and i dont know what else to do. Im in 9th grade, gonna graduate soon. But i dont know what else to do. I got diagnosed last year. The pills work. I dont feel sad. I dont feel anything.

I dont have motivation. I see no reason to keep on going. I got diagnosed with ADHD. I take pills for that too. I dont feel anything. I feel like a druggie. Constantly under sum pills. 

Im scared of the real world. I dont go outside. I dont want to. But i want to. Its hard to explain. 

I used to be soo stressed and anxious all the time  in 5th- 7th grade. Now i just dont care.

My family is trying to be supportive. But i hate that i am such a daughter. I try. I really do. But its hard. Im not really close with them. My step dad doesnt care. I havent heard from my real dad in maybe 8 years? But i dont want to see him anyways. He was a dick to me, my brother and mom. 

I feel like a lazy fuck. Doing nothing.

I want to do soo much. I want to experince love. I want hugs. I want kisses. I want a man. I never had a real dad, maybe thats why. I have a love hate relatinship with everybody. I love and dont care. I dont care about myself anymore. I havent brushed my teeth at night in almost 3 years now. 

I broke my arm last year. I had to go to physical therapy to fix it. The free trial that my doctor assigned me was over. And since last year my hand is still fucked up. I dont do the exercises that i need. I just dont feel like it.

I care but i dont care.

I just wanna get away from my family. I hate them and love them. They do soo much and soo little. I just want hugs and kisses. My mom doesnt give me kisses. I dont remeber the last time. 
And when she does it feels weird. Everytime someone gives me affection i pull away. I feel disgusted.

I dont know what to do. I just wish that I will get accepted into the high school. Or not. I dont know.

",4.0,0.0,Beinnotfound,Moderate MDD,d2e292e0910a26c68c71f3eb7a0a700fce737080a113afdfaabbc7094f0d4e58,True,struggling depression since th grade dont know else im th grade gonna graduate soon dont know else got diagnosed last year pills work dont feel sad dont feel anything dont motivation see reason keep going got diagnosed adhd take pills dont feel anything feel like druggie constantly sum pills im scared real world dont go outside dont want want hard explain used soo stressed anxious time th th grade dont care family trying supportive hate daughter try really hard im really close step dad doesnt care havent heard real dad maybe years dont want see anyways dick brother mom feel like lazy fuck nothing want soo much want experince love want hugs want kisses want man never real dad maybe thats love hate relatinship everybody love dont care dont care anymore havent brushed teeth night almost years broke arm last year go physical therapy fix free trial doctor assigned since last year hand still fucked dont exercises need dont feel like care dont care wanna get away family hate love soo much soo little want hugs kisses mom doesnt give kisses dont remeber last time feels weird everytime someone gives affection pull away feel disgusted dont know wish get accepted high school dont know,204,-0.6423
1kq27b6,depression,2025-05-19T03:38:16,Frequent depressive episodes :/,"I (24F) am battling severe anxiety and depression and I’m scared of myself. 

I want to start off by saying I have many good things in my life. I have 2 family members that I care about more than anything else in the entire world. I am scheduled to start a PhD program in August. I have a roof over my head, food to eat, and access to many forms of entertainment. I have a job I’m passionate about and enjoy even though I don’t make much and I have coworkers I have tons of fun around. I’m so grateful for those things. I think I am better off than most people and I am so grateful for that. 

However, I also have some really bad things in my life — like negative relationship and friendship related events over the past few months, A LOT of childhood trauma, I am often isolated, and I hate myself. I could go into detail about any of “the bad” if it’s helpful. But the point is, as the title mentions, I very frequently and at times randomly get in depressive episodes. I don’t think I become manic but they are very intense and debilitating lows. I’m scared of myself during these episodes because sometimes it’s so bad that I could kill myself. Like I briefly start thinking of how and within minutes or sometimes seconds I start taking actions. I start writing notes, grabbing knives, going up to my roof, walking to the road or bridge, etc. Most times I get right at the point where I’m about to do something (like standing on the roof) and then I’ll just stay there for a bit and cry and then call my ex (who is not a very good person) and he will talk to me until I calm down. But this is very unhealthy. It’s unhealthy for him. It’s unhealthy for me. I’m scared one day he won’t answer or one day I won’t bother to call and nothing will stop me. I’ve never been diagnosed with anything. I purposely avoid mental health professionals and diagnoses because I don’t want to be on medications and I’ve never had a pleasant therapist. ",1.0,0.0,Idkijwthms,Moderate MDD,fb6a9bb0e0a86f3af428e443b23d87fd0bee45bb2c3de805697a5613aaad89ba,True,f battling severe anxiety depression im scared want start saying many good things life family members care anything else entire world scheduled start phd program august roof head food eat access many forms entertainment job im passionate enjoy even though dont make much coworkers tons fun around im grateful things think better people grateful however also really bad things life like negative relationship friendship related events past months lot childhood trauma often isolated hate could go detail bad helpful point title mentions frequently times randomly get depressive episodes dont think become manic intense debilitating lows im scared episodes sometimes bad could kill like briefly start thinking within minutes sometimes seconds start taking actions start writing notes grabbing knives going roof walking road bridge etc times get right point im something like standing roof ill stay bit cry call ex good person talk calm unhealthy unhealthy unhealthy im scared one day wont answer one day wont bother call nothing stop ive never diagnosed anything purposely avoid mental health professionals diagnoses dont want medications ive never pleasant therapist,176,-0.992
1kq57r2,depression,2025-05-19T06:50:37,I’m tired.,"I’m just so tired. I don’t have much left in me to keep trying. I’m all alone. I don’t have family anymore. I haven’t been able to bring myself to message or respond to my only friend. She’s doing amazing and my life is just spiraling. I dont want to cause her worry or burden her with my troubles. I only feel three things anymore. Sadness,anxiety and anger. Ik know it’s not good. But no medicine has help. I’m so tired of constantly switching medicine just for it to not work. I feel disappointed when I wake up. I just don’t want to be like this anymore. I just want to go to sleep and just not wake up. I just don’t want to be tired anymore.",1.0,0.0,Ok-Echidna3385,Moderate MDD,7715f06f1d23acbf94e8d4b6d67622af76a6e58035404c0caad2faee099e5caa,True,im tired dont much left keep trying im alone dont family anymore havent able bring message respond friend shes amazing life spiraling dont want cause worry burden troubles feel three things anymore sadnessanxiety anger ik know good medicine help im tired constantly switching medicine work feel disappointed wake dont want like anymore want go sleep wake dont want tired anymore,60,-0.8497
1kq9s54,depression,2025-05-19T11:55:28,light beam,"Hello, good morning or afternoon. 

When I am inside the fog, there are times when it dilutes a little, allowing some light to enter. 

That light translates as encouragement, perseverance, courage to continue. Sometimes that light allows me to visualize an exit, it acts like a lighthouse for ships, it gives me a direction. 

Today, I'm seeing it again. Part of me wants to follow her, to rejoice more in the warmth she gives. But another large part is tired, knows that it will be of no use, because even if I manage to get out, the fog always reaches me. 

I don't know what decision I will make, but this is another test that my mind puts on me. Maybe to stop me from doing it, or divert my determination to end all of this. Is it the natural survival instinct? Or is it my subconscious telling me not to do it? 

Today, it will be one day less.",3.0,0.0,Wafle021,Moderate MDD,aa7c997874e79efb09cd53882c9b84d017160be8b264ee872f82045996318ea5,True,hello good morning afternoon inside fog times dilutes little allowing light enter light translates encouragement perseverance courage continue sometimes light allows visualize exit acts like lighthouse ships gives direction today im seeing part wants follow rejoice warmth gives another large part tired knows use even manage get fog always reaches dont know decision make another test mind puts maybe stop divert determination end natural survival instinct subconscious telling today one day less,72,0.7777
1kq21xp,depression,2025-05-19T03:29:40,So depressed with my life,absolutely nothing is going my way and I can’t even find alone space to myself in this house. Especially as a woman in a culture that expects a woman to be a Barbie and say it’s in the name of Islam (the religon is perfect but the fucking culture is what drives away people especially the older generation that using the culture and mask it as religion) I’d vent but people will troll me as they have in the past so no point. ,2.0,1.0,BootNo4180,Moderate MDD,49519a9439fe5cfd1743deee47faf99ab6bc1d6770867c4887d88886a361b723,True,absolutely nothing going way cant even find alone space house especially woman culture expects woman barbie say name islam religon perfect fucking culture drives away people especially older generation using culture mask religion id vent people troll past point,39,-0.4496
1kpn8yf,depression,2025-05-18T15:57:06,I hate being myself,"All things in my i've prayed for , ibd prayed for refiloe i've prayed to be in a university im not in one i prayed for braces i sold my whole xbox to buy a ps5 just for my mom to use the money for my mouth only to tell me she can't use it for braces, i wanted to use it it so i can finally have have confidence in myself and smile so i can be somebody and im still no one that anyone wants i wish i was someone else i hate being myself im ugly annoying no one wants me im too ugly to dress out of everything god has done to me the worst thing he's ever done is making me something ill never forgive him for. he killed my mother im an orphan i've never done anything correct refiloe was literally the only good thing in my life and he took that away from me. ive never felt so lonely in my life she was perfect i would cut my arm and legs to be with her again i don't care that she's are a rebel or that she smokes or that she's not scared of anything she's perfect and something god took away from me. i don't want to live anymore being myself im so done of everything im tired ",3.0,0.0,SERGIO_BUSI,Moderate MDD,342482f639dfc3f8fb9f77803c3fa19b00842508e812b75c5be1dd96f4354b3f,True,things ive prayed ibd prayed refiloe ive prayed university im one prayed braces sold whole xbox buy ps mom use money mouth tell cant use braces wanted use finally confidence smile somebody im still one anyone wants wish someone else hate im ugly annoying one wants im ugly dress everything god done worst thing hes ever done making something ill never forgive killed mother im orphan ive never done anything correct refiloe literally good thing life took away ive never felt lonely life perfect would cut arm legs dont care shes rebel smokes shes scared anything shes perfect something god took away dont want live anymore im done everything im tired,111,-0.9509
1kplnmg,depression,2025-05-18T14:46:22,My daughter hates me,"My daughter has had a rough time last few years with her behavior and mental health, I have not always been the most patient or loving dad at times. I yell things have said things I never should have and have hurt her feelings. I’ve broke her heart, but it’s been hard trying to deal with her and the way she acts sometimes I just break and loose it. Well she no longer wants to live with me or be around me, her mom hasn’t been in her life for prolly 7 years now either just been dad. I don’t know what to do anymore she’s the only reason I’ve had for some time now to not end my life, but I am going to kill myself after she leaves. Just wish I could show her I love her and the things I have said don’t come from my heart but my anger and hurt. Idk maybe I have said and done too much for her to love me anymore, just hard to admit being a dad was the last thing I hadn’t failed at and now that’s gone. 39, failed as a dad, no career, no life, I serve no purpose to this world. 

Just needed to let this out I have no one so sorry for sounding like a loser. ",10.0,8.0,KeithH86,Moderate MDD,070cda678107dd2ecc754139323eb320fb3e7e8abcb063020f0b76536e178bb3,True,daughter rough time last years behavior mental health always patient loving dad times yell things said things never hurt feelings ive broke heart hard trying deal way acts sometimes break loose well longer wants live around mom hasnt life prolly years either dad dont know anymore shes reason ive time end life going kill leaves wish could show love things said dont come heart anger hurt idk maybe said done much love anymore hard admit dad last thing hadnt failed thats gone failed dad career life serve purpose world needed let one sorry sounding like loser,96,-0.931
1kq9lcm,depression,2025-05-19T11:45:12,Struggling to Keep Going — Just Need to Vent,"  
Lately, every day has felt like a mountain I have to climb just to do the bare minimum. I'm tired all the time, my thoughts feel heavy, and I can't remember the last time I truly felt ""okay."" I know I’m not alone, but it *feels* incredibly isolating.

I don’t always have the words to explain what’s going on in my head to friends or family, and sometimes I feel guilty for even feeling this way. I know people have it worse — but that doesn't make this any easier.",3.0,1.0,JuicySmalss,Moderate MDD,499d8b61147cd43433127f4ea6b5ebf60679c146489a8a538cfb47721c11bb1a,True,lately every day felt like mountain climb bare minimum im tired time thoughts feel heavy cant remember last time truly felt okay know im alone feels incredibly isolating dont always words explain whats going head friends family sometimes feel guilty even feeling way know people worse doesnt make easier,49,0.5139
1kq8jun,depression,2025-05-19T10:43:48,I can't. (Vent/rant),"I don't know what I'm even passionate about, i like playing the violin and the piano, I'm quite okay with studying. But am i really? Everytime i play the violin or piano and and just slightly make it harder then struggle to keep up, i break down, the same is with studying, i cry for minutes or even hours on end. Since i do that, my brain makes me Less and less motivated to do such stuff even though i enjoy it, due to that, my grades went from two B's to six B's. I can't handle it, our final grades will be soon and i can't handle seeing such bad grades, i hate myself, the only thing keeping me alive are my birds. My daily routine is just procrastinate, (rarely study and immediately have a breakdown), do the bare minimum to take care of myself and then observe that i have more and more white hairs from the daily stress that is keeping me up at night so im even more tired and miserable. I have a test tomorrow, i must fake sick, i struggle to remember the subject, i procrastinated too much. I can't do anything, i am in love with writing, crafting and drawing but all i get in the end is just paper soaked with tears and crumpled paper balls from hating everything i make. I can't even turn in my projects because i hate every one of them. What can i do to get back on track? I've tried everything I've found on the internet, motivational quotes suck, succeeding doesn't bring enough joy in me to be motivated.",2.0,1.0,your_mulum,Moderate MDD,33eb81676e7f74b32b539d8cdf8696d8ba2fe935db87945c2f8366f29d9be799,True,dont know im even passionate like playing violin piano im quite okay studying really everytime play violin piano slightly make harder struggle keep break studying cry minutes even hours end since brain makes less less motivated stuff even though enjoy due grades went two bs six bs cant handle final grades soon cant handle seeing bad grades hate thing keeping alive birds daily routine procrastinate rarely study immediately breakdown bare minimum take care observe white hairs daily stress keeping night im even tired miserable test tomorrow must fake sick struggle remember subject procrastinated much cant anything love writing crafting drawing get end paper soaked tears crumpled paper balls hating everything make cant even turn projects hate every one get back track ive tried everything ive found internet motivational quotes suck succeeding doesnt bring enough joy motivated,136,-0.979
1kq3kmt,depression,2025-05-19T05:00:28,I feel suffocated inside,I don't know how  to break free from this pain I am going through. I am experiencing emotional neglect from my own family and childhood trauma. I am struggling separating my identity towards the lain I am going through like there is still a mask of depression inside. I don't know how I am holding up,2.0,1.0,Yannahmazing,Moderate MDD,fad9eeb4d403060d90ca99b47f231ab2c835f7bd754460d08289f76675ffe8b5,True,dont know break free pain going experiencing emotional neglect family childhood trauma struggling separating identity towards lain going like still mask depression inside dont know holding,26,-0.8481
1kpox67,depression,2025-05-18T17:08:49,I don't see the point in anything but people get mad when I want to die but also get mad when I don't want to do anything,"I don't understand the point of anything. There isn't a point in anything. I'm miserable. I'm disabled, I got a fun little group of chronic illnesses and autoimmune diseases but nothing enough to kill me, just enough to make it so I'm miserable, in pain and feeling unwell 24/7. I'm in pain when I'm awake, I'm in pain when I sleep. there's nothing that can be done about the pain. 

I'm going to be alone forever because I can't work and I can't provide for anybody and I'm fucking useless and I don't deserve to exist and I hate everything. I know romance and love isn't the end of everything but I want to share my life with somebody and I don't ever see that happening. I'm so fucking miserable and done I'm ugly and fat and gross and I can't change any of it because the only thing that makes me happy at all is eating.

I've been to therapy. didn't work. multiple times. I don't work so I can't afford to go private. I'm on meds. I've done so much to try and improve my lfe and it's just not changed a fucking thing",2.0,0.0,stomachpanes,Moderate MDD,3192060538468a48ef754043488014178e5135aa3c1a09bcf99069584e9da635,True,dont understand point anything isnt point anything im miserable im disabled got fun little group chronic illnesses autoimmune diseases nothing enough kill enough make im miserable pain feeling unwell im pain im awake im pain sleep theres nothing done pain im going alone forever cant work cant provide anybody im fucking useless dont deserve exist hate everything know romance love isnt end everything want share life somebody dont ever see happening im fucking miserable done im ugly fat gross cant change thing makes happy eating ive therapy didnt work multiple times dont work cant afford go private im meds ive done much try improve lfe changed fucking thing,108,-0.9694
1kpwl9v,depression,2025-05-18T22:41:31,Why? (Asking for advice-vent),"I have had some sort of suicidal depression for 3years now, and it has been one of the most stressful and difficoult things i have ever gone trouth in my whole life; i didnt have the will to get washed, brush my teeth, tidy up my room, basically, i couldnt do anything.

Something like a month/five weeks ago, my mother took away my fabric cutter (tool i used to “feel better”), and hid it. Since then i have been spiraling again, until i downloaded a pc game, like two weeks ago, and while i wasn’t attending school, i was playing this game, stopping to eat and to sleep.

My mother goes out of her way to constantly threaten me to shut the power out, to delate the game and other things along the way, even if she sees that is the only thing i do all day, i dont hava any motivation to do any of the things i have/love to do.

I have tried twice to explain to her that these hours i ise this game are the only happy hours of the day for me, but she still didn’t get it, acting like a damn toddler who you cannot comunicate with.

I have started a whole pharmaceutical cure just cuz she “doesnt want me to be sad”, but this pill has me going to sleep way late then 2am, which makes me sleep in and not attend school most of the times cuz i end up waking up at around 10am, yet still she wants me to go to schoolwith less than 4h of sleep pretending that i dont fall asleep, thing i could do begore but now cannot anymore.

I just wanna know if anybody else experienced anything even remotely similar and how did you do, cuz i honestly do not know how to proceed.",2.0,0.0,Charming-Mobile-6178,Moderate MDD,8b310310ccb2c7785eee73f79236a126f61942b3e0ca7611f168cfb733984c87,True,sort suicidal depression years one stressful difficoult things ever gone trouth whole life didnt get washed brush teeth tidy room basically couldnt anything something like monthfive weeks ago mother took away fabric cutter tool used feel better hid since spiraling downloaded pc game like two weeks ago wasnt attending school playing game stopping eat sleep mother goes way constantly threaten shut power delate game things along way even sees thing day dont hava motivation things havelove tried twice explain hours ise game happy hours day still didnt get acting like damn toddler cannot comunicate started whole pharmaceutical cure cuz doesnt want sad pill going sleep way late makes sleep attend school times cuz end waking around yet still wants go schoolwith less h sleep pretending dont fall asleep thing could begore cannot anymore wanna know anybody else experienced anything even remotely similar cuz honestly know proceed,146,0.0239
1kq7tin,depression,2025-05-19T09:56:52,I got pulled out of therapy,"So like, I was forced to go to therapy for an attempt and sh, but I got pulled out after a month because ""I was happy now"". Uh btw, I didn't open up to my therapist and my parents thought it was a waste of time, so they decided that I'm better off without it. Also, I didn't get any official diagnosis, even though I've been through a lot of shit. What do i do now? Ive lost motivation and I've gotten suicidal lately, might end it soon.",30.0,12.0,Yuki_Tanaka07,Moderate MDD,3c0c52e32a91a8f919579dbcfd52c9bb371b7f459a33bc49eb517d16697f781c,True,like forced go therapy attempt sh got pulled month happy uh btw didnt open therapist parents thought waste time decided im better without also didnt get official diagnosis even though ive lot shit ive lost motivation ive gotten suicidal lately might end soon,43,-0.7847
1kpnv58,depression,2025-05-18T16:23:32,Crying,"I was always crying. Every moment of the day. A strong, determined cry, with red eyes and tears constantly streaming down my face.
Everyone saw me doing it, but no one ever said anything. I tried to hide it, wiped the tears away. Kept my gaze low. Avoided eye contact with certain people. Still, from time to time, in the middle of a conversation or during some random part of the day, I was sure others noticed it — but they never did.

Not a word was ever said about it. Maybe the tears seemed to have no real reason, so there was no need to talk about them. Or maybe they hid a void, a misunderstanding, or a failure so deep that it was too much to face in that moment.

But that moment never ended. It was constant. Every moment of my life, I was crying. While I slept, while I ate, while I spoke, while I listened to music. Even while I played or laughed.

I remember being at school, sitting at my desk doing an assignment.
I don’t recall the exact topic, but I remember it was something very personal. I was sitting at the front, completely focused. Trying to extract every feeling I had inside. And still, I was crying. The paper got wet from drops of sadness falling from my face, and when they touched the sheet, they spread like blood on a freshly opened wound.

I remember all the other kids being normal and happy — some writing, others relaxing after turning in their assignment. Some in the back of the class were even joking and whispering, disturbing the flow of my thoughts, even though the rule of absolute silence during exams was still supposed to be in place.

But the river of tears kept flowing. I was sure the teacher, walking by, would notice my state — but she never did. Not that day, not during the entire school year.
And I, always, 24 hours a day, in tears.

I never understood why.
I got used to it. I learned to live with it.

It’s just a shame that no one was ever able to help me.

Not even myself.
",4.0,1.0,white_sky123,Moderate MDD,7c765fd3a7b5b0915f37ef1470c1f6d6976287409f7a73de3e752c06ccdcc47a,True,always crying every moment day strong determined cry red eyes tears constantly streaming face everyone saw one ever said anything tried hide wiped tears away kept gaze low avoided eye contact certain people still time time middle conversation random part day sure others noticed never word ever said maybe tears seemed real reason need talk maybe hid void misunderstanding failure deep much face moment moment never ended constant every moment life crying slept ate spoke listened music even played laughed remember school sitting desk assignment dont recall exact topic remember something personal sitting front completely focused trying extract every feeling inside still crying paper got wet drops sadness falling face touched sheet spread like blood freshly opened wound remember kids normal happy writing others relaxing turning assignment back class even joking whispering disturbing flow thoughts even though rule absolute silence exams still supposed place river tears kept flowing sure teacher walking would notice state never day entire school year always hours day tears never understood got used learned live shame one ever able help even,175,-0.9646
1kpwa84,depression,2025-05-18T22:26:52,Being taken advantage of…a rant.,"It’s really crappy that there are people who offer to be an ear, to listen and be friends. Only to then want a relationship and want so much from you and expect said relationship even if you’re married. In the span of 4 days!! 4.DAYS!!

I thought you were a friend, someone I could trust and talk to. We had so much in common it was kinda scary, but now I’m just wondering what happened. I have the worst case of emotional whiplash. I’m already struggling with depression then you make me feel bad for: A. Wanting to take things slow (again married!) B. Doing something with a friend I knew before you, I knew you wouldn’t like, but it was my business. C. When I try to talk to you about it you take on a wounded bird act and block me when it wasn’t even about you. 

4 DAYS DUDE! You knew me for 4 days hell not even that long. Look, i understand your upset, i understand unfriending me and even blocking me. But don’t, at age 40, prowl depression boards, find a girl and pressure them into whatever you want. 
",1.0,0.0,QueenofDragons1337,Moderate MDD,6cb16dd8a48cf9911847a27b583094d1a4de7390ad40fabe42231ff98b005196,True,really crappy people offer ear listen friends want relationship want much expect said relationship even youre married span days days thought friend someone could trust talk much common kinda scary im wondering happened worst case emotional whiplash im already struggling depression make feel bad wanting take things slow married b something friend knew knew wouldnt like business c try talk take wounded bird act block wasnt even days dude knew days hell even long look understand upset understand unfriending even blocking dont age prowl depression boards find girl pressure whatever want,91,-0.99
1kpl2ub,depression,2025-05-18T14:20:09,The silence of worth,"Every four seconds, a man takes his own life a stark reminder of the despair that can consume a person when they feel utterly worthless. Yet, every forty seconds, a man who once believed himself useless grants himself a fleeting sense of worth, perhaps through a final act that grants him recognition, however tragic. I have been that man, feeling insignificant and invisible, and now I find myself approaching that critical 40th second. That moment seems to be the only time some men are truly seen as meaningful, as if ending their suffering is the only way to earn acknowledgment from the world around them. It’s a heartbreaking truth that, for many, the only way to be valued is by making the ultimate decision to end the pain and, in doing so, finally be recognized.
May well all heal before we meet the 40th second. ",3.0,0.0,kingNatas,Moderate MDD,018eeccd4d573a58024d1d63f916dcf50d6120a1901a065a8992caea96297fc3,True,every four seconds man takes life stark reminder despair consume person feel utterly worthless yet every forty seconds man believed useless grants fleeting sense worth perhaps final act grants recognition however tragic man feeling insignificant invisible find approaching critical th second moment seems time men truly seen meaningful ending suffering way earn acknowledgment world around heartbreaking truth many way valued making ultimate decision end pain finally recognized may well heal meet th second,73,-0.8268
1kq39hf,depression,2025-05-19T04:40:55,Feeling disgusted with myself.,"Long story short, my intimate photos were leaked when I was a minor. It’s followed me into adulthood and I still feel absolutely disgusting about it. I hate that this happened to me. I carry so much shame and depression over something I never consented to.

Anyway it’s been years and I still can’t shake the weight of it. I hate how helpless it makes me feel. My life has already been full of trauma and hardship, and this honestly just made everything worse. I often sit here and pray that something fucking horrible happens to me since i’m too chicken shit to kill myself. 

And let me just say…. I hate people who leak things like this. You are vile, and you ruin people’s lives.",4.0,2.0,Hot-Inside-2618,Moderate MDD,af79c4e69867ee1a921a3ecb45d5ccceba726fc284cfec14753a3cc5e67ef798,True,long story short intimate photos leaked minor followed adulthood still feel absolutely disgusting hate happened carry much shame depression something never consented anyway years still cant shake weight hate helpless makes feel life already full trauma hardship honestly made everything worse often sit pray something fucking horrible happens since im chicken shit kill let say hate people leak things like vile ruin peoples lives,64,-0.9945
1kq47vq,depression,2025-05-19T05:43:19,I’ve been off lexapro for a while and I feel terrible,"I stopped taking it because I didn’t like my last psychiatrists anymore because I was getting scared that they knew too much about me so I asked my mom if I could stop meeting them. And it’s been probably 3 months and I feel bad. Idk how to describe it. I want to keep on taking lexapro because it helped me a lot. It helped me get back into my hobbies and actually enjoy them, it also got me out of an art block, but I’m scared of going to another psychiatrist. When I first went, I had something to give them, i was still going to school so i could tell them how i was performing there. I was also required to go to the psychiatrist because i tried killing myself, so they had something to work with.

But now, im scared that i dont know what to say, im not a self aware person at all. All I know is that the suicidal thoughts are back, I feel restless/ on edge a lot of the time and my mood is just….down. I’m scared for this coming summer because I won’t have anything to do. I was excited to be able draw all summer but I feel like I’m slowly getting into an art block.

And im scared of having all these meetings with my parents involved. I dont know what to do. And even if I did want to , my mom would be super mad at me. She would interrogate me a lot and I don’t really want to talk to her about this because I don’t trust her at all.",2.0,6.0,MSan17,Moderate MDD,3d40ecb1cb368a3678ddde7b510d72f8212df20d771263cfeceb9b4f6025adf3,True,stopped taking didnt like last psychiatrists anymore getting scared knew much asked mom could stop meeting probably months feel bad idk describe want keep taking lexapro helped lot helped get back hobbies actually enjoy also got art block im scared going another psychiatrist first went something give still going school could tell performing also required go psychiatrist tried killing something work im scared dont know say im self aware person know suicidal thoughts back feel restless edge lot time mood justdown im scared coming summer wont anything excited able draw summer feel like im slowly getting art block im scared meetings parents involved dont know even want mom would super mad would interrogate lot dont really want talk dont trust,120,-0.9787
1kppzy6,depression,2025-05-18T17:54:18,Numb in life,"Hi, I am 31M. I have realised adulting, marriage and failure to catch up with the world is taking a toll on me. I don't have real life friends. I am tired of pretending that everything will be fine one day. Nothing that is happening is helping me. Life has become extremely tough. Just don't know what to do. Couldn't tell these things to my family members so posting it here. ",4.0,2.0,AmbassadorNo5083,Moderate MDD,ea62602f7a90ce6206311e051ae263a9c7c26b0db7dcaa78c3c1d31fc4a173af,True,hi realised adulting marriage failure catch world taking toll dont real life friends tired pretending everything fine one day nothing happening helping life become extremely tough dont know couldnt tell things family members posting,34,-0.1263
1kpi1jm,depression,2025-05-18T11:44:13,"Feel like I’m grieving, but no-one died.","I have felt like this my whole adult life! 
The only way I can explain my depression and the black hole that I live in.
It’s Grief…. But no one has died! ",12.0,19.0,kosmic04,Moderate MDD,702750ed113de60248ae2853abe88f7b1b7b60d17ebf1eca3d5595a3b3d5b125,True,felt like whole adult life way explain depression black hole live grief one died,14,-0.8715
1kpqzfv,depression,2025-05-18T18:35:50,Slowly dying,"ive been depressed for years i think i have passed the line of no coming back i dont feel anything , dont want anything, not motivated for a single thing im not in bed all the time thanks to the antidepressants but i dont think there is any hope left for me im slowly dying.",1.0,0.0,Mammoth_Virus_1723,Moderate MDD,1dd7f7880079640578dd3c327a6f4487095ec1124ca533ee639624ec74f4f862,True,ive depressed years think passed line coming back dont feel anything dont want anything motivated single thing im bed time thanks antidepressants dont think hope left im slowly dying,29,0.2957
1kq4gv3,depression,2025-05-19T05:59:59,25 and have not been happy since college,"howdy so i do not like my life at all! im constantly bored. i quit jobs after 3 months. i get burnt out so quickly. i live at home and while im grateful for it i dont like being stuck in my hometown at all. also i have no father figure so life is really hard to navigate! i spent 200k on a college degree i dont use and just partied instead. lets see what else, i have a huge desire to sing but im terrified of putting myself out there. i really need to start posting on tiktok. i only have like one childhood best friend i barely see. the last relationship i had was last summer and i dumped him bc the sex was bad. i should start dating again but im so fucking depressed i have no light anymore. i truly have not been happy since college its pathetic. college cant be my glory years there has to be more right? i want MORE. im not one to actually end my life bc im too chicken but i think about it heavily. do i sound spoiled? perhaps. i do get what i want, but yet it STILL does not make me happy. i am hot yes but im still not happy!!! i don't believe in thearpy bc ur just paying someone to listen to talk to you. i had so many friends in college and lost them ALL ALL OF THEM! maybe i am the problem i tried my best. i have no desire for a career so i think maybe i should be a stay at home wife but also lowkey cooking for a man forever does not sound great. SO my options are to A) marry a 50 year old man B) attempt ending my life C) sing and be laughed at. OH and i am still not over my situaitionship in colllege LIKE RELEASE MEEEEEEE. anyways thanks for reading my mentally ill blog.",1.0,0.0,Internal-Change-2411,Moderate MDD,d1a3df4c4ef67cfbf038b5c8f94a40dbf3124d89f199a51b516dab9384fcbb09,True,howdy like life im constantly bored quit jobs months get burnt quickly live home im grateful dont like stuck hometown also father figure life really hard navigate spent k college degree dont use partied instead lets see else huge desire sing im terrified putting really need start posting tiktok like one childhood best friend barely see last relationship last summer dumped bc sex bad start dating im fucking depressed light anymore truly happy since college pathetic college cant glory years right want im one actually end life bc im chicken think heavily sound spoiled perhaps get want yet still make happy hot yes im still happy dont believe thearpy bc ur paying someone listen talk many friends college lost maybe problem tried best desire career think maybe stay home wife also lowkey cooking man forever sound great options marry year old man b attempt ending life c sing laughed oh still situaitionship colllege like release meeeeeee anyways thanks reading mentally ill blog,162,-0.9451
1kq1d8f,depression,2025-05-19T02:50:46,I can't stop consuming depressing media,"I can't stop scrolling through shtwt, I can't stop reading comics where some characters self harm, I can't stop watching episodes about depression and suicide. I can't stop listening to songs about dying, cutting yourself and killing yourself. I'm even dreaming about this.

I struggled with shtwt and even edtwt (even though I'm overweight) a while ago, so I decided to delete Twitter, but now I've fallen into a spiral and I can't stop thinking about going deeper and bloodier and ''prettier''. I used to see my cuts as pretty even though I knew and I KNOW I shouldn't, but today I did it and I realized they aren't pretty. My own mind is romanticizing self harm and suicide, but today I saw my wrist and instead of thinking the red was pretty, I thought I was half dead and disfigured. Now I can't stop watching suicide episodes from a pretty gruesome Mexican soap opera (lol) where each episode is a different case. I've also been struggling with wanting to enter shtwt and even communities here like suicide watch. I think it's because I fantasize with dying tragically and the beauty of death and wounds and blah blah blah, but suicide and self harm aren't pretty. I think what I need is to actually see a person killing themselves so I can realize how terrible suicide is, but I can't fathom the violence and I also know that it won't fix anything.",4.0,3.0,Riri_Kohut,Moderate MDD,2ffcb58ed2a57bbfbe815fcfeb758b9b1937d1de4df5b76c4f08f6045716d558,True,cant stop scrolling shtwt cant stop reading comics characters self harm cant stop watching episodes depression suicide cant stop listening songs dying cutting killing im even dreaming struggled shtwt even edtwt even though im overweight ago decided delete twitter ive fallen spiral cant stop thinking going deeper bloodier prettier used see cuts pretty even though knew know shouldnt today realized arent pretty mind romanticizing self harm suicide today saw wrist instead thinking red pretty thought half dead disfigured cant stop watching suicide episodes pretty gruesome mexican soap opera lol episode different case ive also struggling wanting enter shtwt even communities like suicide watch think fantasize dying tragically beauty death wounds blah blah blah suicide self harm arent pretty think need actually see person killing realize terrible suicide cant fathom violence also know wont fix anything,135,-0.9941
1kq3rpv,depression,2025-05-19T05:13:09,What are some non-obvious ways of curing boredom?,"I have some really bad depression boredom. The only thing I enjoy is talking to people I like, but I can't do that because my mental state has driven everybody I like away. So I can't to the thing I enjoy anymore. And that leaves me constantly bored all the time. It isn't healthy for me to rely entirely on talking to people just to keep me afloat. So I'm looking for things to do instead that can actually be healthy and allow me to have relationships in the future without driving everybody away.

But the problem is, I keep looking for answers and it's always something that doesn't work for me, doesn't apply to me, or just a bunch of nonsense that doesn't make sense to me. I think I'm a bit unlike other people. My thing is different, I guess. But what are some things you do to cure boredom? I hear people often suggest reading a book, or something that requires a lot of focus, but I am incapable of focusing with my depression.

I do music as a hobby but it isn't much help. Aside from that, I have nothing.",3.0,1.0,PretentiousFuckers,Moderate MDD,c4eccb245380a29b7c57c89bbd376724c6d4f2792aae6a8daad7b2aa93c1e449,True,really bad depression boredom thing enjoy talking people like cant mental state driven everybody like away cant thing enjoy anymore leaves constantly bored time isnt healthy rely entirely talking people keep afloat im looking things instead actually healthy allow relationships future without driving everybody away problem keep looking answers always something doesnt work doesnt apply bunch nonsense doesnt make sense think im bit unlike people thing different guess things cure boredom hear people often suggest reading book something requires lot focus incapable focusing depression music hobby isnt much help aside nothing,91,-0.9459
1kpsru5,depression,2025-05-18T19:52:29,killing myself,"my strongest desire right now is to kill myself. i'm really tired, please forgive me if i do anything to myself, i just can't take it anymore, okay? it sounds selfish, yeah, but i want peace so much and i'm tired of waking up every day thinking that i fucking want to die, please forgive me. i hope i'll find peace. i have nothing more to say. 

i'm so sorry,i tried.",10.0,12.0,Mission_Classroom_34,Moderate MDD,7eee8f59161dd58447113033b77e632b5227cd0a4fc7f58e1946f5b835552961,True,strongest desire right kill im really tired please forgive anything cant take anymore okay sounds selfish yeah want peace much im tired waking every day thinking fucking want die please forgive hope ill find peace nothing say im sorryi tried,40,0.9005
1kpja15,depression,2025-05-18T12:52:47,mental health crisis - please help me,"any and all advice is appreciated.

i am in severe mental crisis and while i dont believe i am at risk of taking my own life, i am scared and i feel doom and dread - i am unmedicated and this is unbearable to manage on my own. i have no coping skills to do so. i keep thinking about dying but not necessarily taking my own life. then i think about taking my own life and i get sad, cry really hard, because i dont want to. but there is a feeling of ""this is my only option"" but i dont feel like im going to take any action to do so. i know suicidal ideation can be complex so thats where im at. 

i have been off my meds since november due to thinking i could raw dog life. months later, and im spiraling. i should have known.

i have borderline personality disorder, chronic depression, and childhood ptsd. i spiraled into this episode after leaving a cushy job that had benefits. i thought i was better and could find a better job so i did. four days into new job, i quit because there was a severe lack of training and i felt like i had made a huge mistake.. i regret my choices now as i am at another job with no benefits and less hours (part time). i put a lot of my sense of self into my job and because i felt like i was getting somewhere with getting hired at a better paying job, the come down after crashing out is so... so bad. and scary. 

my sister wants me to go to the ER to tell them what i'm experiencing to get some emergency medication. i dont think thats how that works but she is insistent that i do so. i am severely afraid of being put into a mental psychward. i have had one stay at the psych unit in my city and it was inhumane and made me feel worse. i manipulated my doctors into releasing me after 4 days. but im wondering if i need a controlled environment like that. 

i really want advice on if i should do that - just go to the ER, tell them i have no benefits but i need medication, and see what happens. but if i get admitted or worse involuntarily admitted.. i dont want to lose the job that i have because i have bills to pay and if i dont pay my rent i will be seriously homeless??? my sister lives in germany. i live in usa. i will have nowhere to go. thats why im hesitant because if i get admitted i will have no money to pay bills beacuse im not working and my job only offers like 3 days of PTO to part time employees. i am going to try to apply for medicaid but im pretty sure i would not be eligible as my gross take home pay is 2800 a month. 

she wants me to get help and is scared for me. i understand because of what ive been expressing. i dont think i can think rationally right now. i dont know right from wrong and i genuinely want someone to point me in the right direction.

for about a month ive been experiecing so much physical stress and lack of sleep. not eating, barely drinking water. not moving outside of what i need to do. i am so scared for what is to come. i feel like everything ive worked for is crashing down around me.

i dont know what to do. can someone please help me? sorry for any typos",2.0,1.0,OldPercentage3836,Moderate MDD,310c34311faa9f09049f6742e190c1d3aaed1abfbe9cd4c6b1d4a03fada3caad,True,advice appreciated severe mental crisis dont believe risk taking life scared feel doom dread unmedicated unbearable manage coping skills keep thinking dying necessarily taking life think taking life get sad cry really hard dont want feeling option dont feel like im going take action know suicidal ideation complex thats im meds since november due thinking could raw dog life months later im spiraling known borderline personality disorder chronic depression childhood ptsd spiraled episode leaving cushy job benefits thought better could find better job four days new job quit severe lack training felt like made huge mistake regret choices another job benefits less hours part time put lot sense self job felt like getting somewhere getting hired better paying job come crashing bad scary sister wants go er tell im experiencing get emergency medication dont think thats works insistent severely afraid put mental psychward one stay psych unit city inhumane made feel worse manipulated doctors releasing days im wondering need controlled environment like really want advice go er tell benefits need medication see happens get admitted worse involuntarily admitted dont want lose job bills pay dont pay rent seriously homeless sister lives germany live usa nowhere go thats im hesitant get admitted money pay bills beacuse im working job offers like days pto part time employees going try apply medicaid im pretty sure would eligible gross take home pay month wants get help scared understand ive expressing dont think think rationally right dont know right wrong genuinely want someone point right direction month ive experiecing much physical stress lack sleep eating barely drinking water moving outside need scared come feel like everything ive worked crashing around dont know someone please help sorry typos,282,-0.9963
1kpwr46,depression,2025-05-18T22:49:30,"I’m collapsing inside and nobody sees it so if you read this, thank you","
I feel pathetic for writing this but I don’t know what else to do. Maybe I should just keep this to myself because everytime I've tried to express myself I end up regretting it. Everything is overwhelming and it’s getting worse. My body feels so heavy. I’ve been like this since I was 12 years old. I’m 20 now and I'm still a kid like everyone around me is growing and passing me through life and I've been stuck watching it. Nothing ever got better I just got older and more aware.

My mom calls me a child. I don't blame her.

All I do is sit here in this bedroom and I exist. I don't know how to exist outside of it. 

I cry so much and I hate that I cry so much. I hate when people see me cry. It feels humiliating. It makes me angry. But I can’t stop it. I’m always overwhelmed emotionally, mentally, physically. I don't know how to function as a normal person. And I hate myself for it. I hate myself so much. And the worst part is, I don’t even know what’s wrong with me. Why am I so mentally ill? Why can’t I function like other people?

I regret so much. I carry so much regret in my body that it feels like poison under my skin. I can't handle it anymore. My mom doesn’t even care how she treats me. She doesn’t see me for who I really am, she sees some version of me that isn’t true. And it hurts. It hurts feeling so misunderstood by those around you or like the one who is always crying wolf. She yells at me, snaps at me, accuses me of things I didn’t mean or intend, and it makes my anxiety unbearable. She doesn’t know how deeply her words cut me. 

I am always waiting for someone to show me that they care.

I cry and she gets angry. I break down and she mocks me or tells me just how much I’m overreacting. Her tone, her facial expressions, her energy, they all make me feel like I’m nothing but a burden. And when I have tried expressing the way I feel or the way that things are, it does not end well. And when she treats me like I’m too much, it confirms everything I already feel inside. 

I’m a problem. I ruin everything. I'm selfish for feeling this way and being this way.

I wish I was able to control it because it just makes me feel more and more terrible.

Today she was yelling at me again. For having anxiety. For crying. For not wanting to go in somewhere while I was clearly having a mental breakdown and anxiety attack that was the cause of her. I really wanted to just have a good time. I was really trying to. I was also looking forward to what was happening but she was carrying this heavy negativity with her the whole time and it got to me. And then we left and we stopped for gas, she came out with something for me but with this terrible presence with her and when I said I didn’t want it because I didn’t ask for it and I was already spiraling emotionally because of the things she was saying to me then she just yelled more. Said I was wasting her money. She twisted my words. She always does this. Made me feel even more guilty and confused. I said I wanted to go home. She said she didn’t care. Her language was much more profound than I am describing. Then we went back and she said that we’d just sit in the car for 2 more hours when this place we went to closed.
My pain meant nothing. 

when I explain the events that happen it seems much less intense then it was.I'm afraid no one will get it. I wish I could record what happens so that others could see from my perspective.

She says I need to be pushed but the way she pushes me is off the ledge. she says I am someone who will go nowhere in life all while I am struggling severely with my mental health and she knows this.
Maybe I belong in a mental hospital.
She is the one who put me in therapy. 
But I recently got kicked out because I missed more than 3 days. What if the things she does say about me are true? It's confusing because she will say things but then say the complete opposite of those things, so which is it? 

I don’t want to be around myself anymore. I feel like everything I do is wrong. Like I don’t even deserve to be alive. And when I feel like my mom sees me as a burden, it makes me hate myself even more. I already feel like I don’t belong anywhere. That I’m in the way no matter where I go. That I’m just an inconvenience. Just a mistake. Just... here. I don’t have anyone to comfort me. And what is even more confusing is that my mom is so back and forth, so bipolar with what she says and how she treats me that it doesn't make any sense. It hurts my brain. She's the only one I have in my life who helps me but then she also drags me down to the very bottom and that hurts. She's like my best friend but my worst enemy at the same exact time.

I don’t have friends. I never learned how to socialize. I dropped out of middle school because my mental health was already collapsing. I don’t have an education. I don’t have social skills. I can’t speak properly. I can’t articulate my thoughts. I feel stupid. I forget things constantly. Nothing sticks in my brain. I can’t learn like others. I get so easily confused. I feel like I have to fight my brain to understand basic things. I’m constantly on edge, even when everything is quiet. Even when I’m alone.

I don’t feel like a person. I feel like a shell or a pile of soggy garbage floating through life. That’s it. I don’t do anything meaningful. I don’t have a purpose. I don’t have peace not even when I sit in silence. My brain never gives me a break. It just keeps looping through pain, shame, fear, regret. I feel like I’m observing everyone else live their lives while I’m stuck in this body I don’t understand. And I don’t know why I’m like this.

And even if I could explain it, I feel like no one would believe me or be on my side. My memory is horrible, so I can’t quote what my mom says word for word but the way she makes me feel is always the same. The confusion. The guilt. The anxiety. The feeling like I’m being gaslit or blamed for everything. The unpredictability. She’s nice. She cares. Then suddenly she’s yelling, shaming, blaming me, slamming things down. It’s like emotional whiplash. I feel like I’m walking on eggshells all the time. 

And I am weak. I let this happen because I don't know what I could do.

My mom isn't a bad person either so it's more confusing and I don't want others to think she's a bad mom because she's not. She does everything for me so I don't blame her for being tired of me sometimes.

I’ve tried to explain myself to others before. I’ve tried to ask for help multiple times. But nobody takes me seriously. I've tried to my best ability and I feel like it's never enough.

Maybe the problem is I'm waiting for someone to save me and to help me because I don't know how to help myself. But nobody is there. I don’t think anyone really gets what it’s like to live in my brain or body. I don’t know if this is just OCD, or trauma, or autism, or selective mutism, or AvPD, or all of it. I just know I’m drowning in it. I’m scared to exist. I’m scared of being seen, and I’m scared of being invisible. I know I process things differently. I know I come across as awkward or “off.” People get annoyed when I don’t understand something right away. They don’t get that I’m trying. I see everything. I feel everything. I’m just not good at reacting the way they expect. A lot of the time things go in one ear and out the other. It's so hard to focus.

I feel like I was never taught how to be a human. Like I’m constantly failing some invisible test. Like I’m fundamentally broken in a way that can’t be fixed.

I have severe body dysmorphia. I feel disgusting in my own skin. I don’t feel like I deserve food or kindness or comfort. I constantly feel like I need to ask permission to be treated gently. Like I don’t just get those things. Like I wasn’t made to be loved. I notice how people are more willing to do kind things for others, but not for me. Like my mom. She does things for me but I can tell she doesn't want to. And that’s what hurts the most.

Maybe I am just focusing on the bad parts but can you blame me when it cuts so deep that it physically stings? How can I ignore this?

I don’t want to live like this anymore. I don’t want to live in a body that feels wrong and in a brain that punishes me for existing. I don’t know what I did to deserve this. I would not wish this on my worst enemy. I don’t want to feel like this. I just want to be okay. I don't want pitty, I just want to be understood. I just want someone to see me and not turn away. I don’t know how much longer I can keep doing this.

I’m not trying to be dramatic. I just don’t want to exist anymore.",216.0,29.0,Nail-Administrative,Moderate MDD,abc7df4f46e6d6eecc35a0d915a8e2140c28711aca4c0363244c48ce7a9d4ac8,True,feel pathetic writing dont know else maybe keep everytime ive tried express end regretting everything overwhelming getting worse body feels heavy ive like since years old im im still kid like everyone around growing passing life ive stuck watching nothing ever got better got older aware mom calls child dont blame sit bedroom exist dont know exist outside cry much hate cry much hate people see cry feels humiliating makes angry cant stop im always overwhelmed emotionally mentally physically dont know function normal person hate hate much worst part dont even know whats wrong mentally ill cant function like people regret much carry much regret body feels like poison skin cant handle anymore mom doesnt even care treats doesnt see really sees version isnt true hurts hurts feeling misunderstood around like one always crying wolf yells snaps accuses things didnt mean intend makes anxiety unbearable doesnt know deeply words cut always waiting someone show care cry gets angry break mocks tells much im overreacting tone facial expressions energy make feel like im nothing burden tried expressing way feel way things end well treats like im much confirms everything already feel inside im problem ruin everything im selfish feeling way way wish able control makes feel terrible today yelling anxiety crying wanting go somewhere clearly mental breakdown anxiety attack cause really wanted good time really trying also looking forward happening carrying heavy negativity whole time got left stopped gas came something terrible presence said didnt want didnt ask already spiraling emotionally things saying yelled said wasting money twisted words always made feel even guilty confused said wanted go home said didnt care language much profound describing went back said wed sit car hours place went closed pain meant nothing explain events happen seems much less intense wasim afraid one get wish could record happens others could see perspective says need pushed way pushes ledge says someone go nowhere life struggling severely mental health knows maybe belong mental hospital one put therapy recently got kicked missed days things say true confusing say things say complete opposite things dont want around anymore feel like everything wrong like dont even deserve alive feel like mom sees burden makes hate even already feel like dont belong anywhere im way matter go im inconvenience mistake dont anyone comfort even confusing mom back forth bipolar says treats doesnt make sense hurts brain shes one life helps also drags bottom hurts shes like best friend worst enemy exact time dont friends never learned socialize dropped middle school mental health already collapsing dont education dont social skills cant speak properly cant articulate thoughts feel stupid forget things constantly nothing sticks brain cant learn like others get easily confused feel like fight brain understand basic things im constantly edge even everything quiet even im alone dont feel like person feel like shell pile soggy garbage floating life thats dont anything meaningful dont purpose dont peace even sit silence brain never gives break keeps looping pain shame fear regret feel like im observing everyone else live lives im stuck body dont understand dont know im like even could explain feel like one would believe side memory horrible cant quote mom says word word way makes feel always confusion guilt anxiety feeling like im gaslit blamed everything unpredictability shes nice cares suddenly shes yelling shaming blaming slamming things like emotional whiplash feel like im walking eggshells time weak let happen dont know could mom isnt bad person either confusing dont want others think shes bad mom shes everything dont blame tired sometimes ive tried explain others ive tried ask help multiple times nobody takes seriously ive tried best ability feel like never enough maybe problem im waiting someone save help dont know help nobody dont think anyone really gets like live brain body dont know ocd trauma autism selective mutism avpd know im drowning im scared exist im scared seen im scared invisible know process things differently know come across awkward people get annoyed dont understand something right away dont get im trying see everything feel everything im good reacting way expect lot time things go one ear hard focus feel like never taught human like im constantly failing invisible test like im fundamentally broken way cant fixed severe body dysmorphia feel disgusting skin dont feel like deserve food kindness comfort constantly feel like need ask permission treated gently like dont get things like wasnt made loved notice people willing kind things others like mom things tell doesnt want thats hurts maybe focusing bad parts blame cuts deep physically stings ignore dont want live like anymore dont want live body feels wrong brain punishes existing dont know deserve would wish worst enemy dont want feel like want okay dont want pitty want understood want someone see turn away dont know much longer keep im trying dramatic dont want exist anymore,808,-0.9994
1kpt8ze,depression,2025-05-18T20:13:01,I'm falling,"Hi, Just posting here incase anyone can give me any help or advice. So the story goes like this. I was charged with sexual assault recently. Ever since the allegations were put to me 4 years ago I have spiralled into depression and the only thing that seemed to help was alcohol. So as the story goes I lost my mind, my long time partner of 7 years, my job, my apartment, and most recently after trying rehab I relapsed and lost my family. My Dad was the only one to support me and even he has given up. The charges are historical about something that happened when I was 15. I will now be trialled as an adult and most likely will go to prison and sentenced as an adult. I'm 38. I realise what I did was wrong. I tried everything to make amends. I tried EVERYTHING. But no matter how much I do it seems I'm going to go down for a few years. Iv never assaulted anyone or even broke the law since I was 15. I tried religion, therapy, rehab, charity work but at the end of the day iv lost all my friends and family along with the love of my life. Right now I'm borderline homeless and staying on a friend's couch which he is charging me a lot for and I can't really afford it. It feels like I'v tried so many times to accept things and move on and be a good person but things just keep getting worse for me. I don't see any future for myself or if I do it's one of more misery and suffering which I cannot take. Iv been through a lot of it. Ended up homeless in a foreign country and my own due to losing my mind. Doc has me on antidepressants and I did lots of therapy and AA and all sorts of things to try and get my brain to see a way out or forward but I cannot. The situation is hopeless and iv recently started to think about suicide as I just cannot take it anymore. What is the point? If carrying on will only lead to more suffering then I feel like giving up and somehow killing myself is a better option. Iv nothing to live for anymore. ",3.0,2.0,Vast-Vanilla-2559,Moderate MDD,7c13496b009094255d6679ceaa6cc9bea0e30dc8b7bb47f848df96da32669b56,True,hi posting incase anyone give help advice story goes like charged sexual assault recently ever since allegations put years ago spiralled depression thing seemed help alcohol story goes lost mind long time partner years job apartment recently trying rehab relapsed lost family dad one support even given charges historical something happened trialled adult likely go prison sentenced adult im realise wrong tried everything make amends tried everything matter much seems im going go years iv never assaulted anyone even broke law since tried religion therapy rehab charity work end day iv lost friends family along love life right im borderline homeless staying friends couch charging lot cant really afford feels like iv tried many times accept things move good person things keep getting worse dont see future one misery suffering cannot take iv lot ended homeless foreign country due losing mind doc antidepressants lots therapy aa sorts things try get brain see way forward cannot situation hopeless iv recently started think suicide cannot take anymore point carrying lead suffering feel like giving somehow killing better option iv nothing live anymore,180,-0.9453
1kpkdjk,depression,2025-05-18T13:47:30,"depression kills me from inside I’m in the UK, feeling completely alone,I just want someone to talk to, maybe a hug, a walk, anything","Hi everyone,
I don’t really know how to begin this, but I’m just overwhelmed with sadness and loneliness right now. I’m in the UK, and I’ve been battling extremely high depression that feels like it’s swallowing me whole. I feel like I’m in dying mode, like I’m slowly disappearing, and no one even notices.

I’ve tried to be strong. I’ve tried to cope on my own. But it’s just too much lately. I wake up every day with a heavy chest, and I can barely eat or even get out of bed. It’s like the world has become too heavy to carry, and all I want  truly is someone to be there. Someone to just talk to me, sit with me, walk with me, even just give me a hug and remind me that I’m not invisible.

I don’t have friends or family nearby who understand what I’m going through. I feel sick physically and emotionally and it’s terrifying to go through this alone. Sometimes I think maybe it would be easier to just vanish, but deep down, I don’t want to. I want to live. I want to feel seen. I want connection. I want to share a meal, laugh again, feel the sun on my face while walking with someone who cares.

If anyone is nearby, or even if you just want to talk online, please reach out. I just need kindness right now. I’m tired of pretending I’m okay when I’m not. I just need to be heard. And maybe hugged.

Thank you for reading this. Really",7.0,11.0,AngleAutomatic1643,Moderate MDD,d7ef0f232d8d63f369180511ea9f539a3e87c0f2e0f7f0ff09de5209ee204a8c,True,hi everyone dont really know begin im overwhelmed sadness loneliness right im uk ive battling extremely high depression feels like swallowing whole feel like im dying mode like im slowly disappearing one even notices ive tried strong ive tried cope much lately wake every day heavy chest barely eat even get bed like world become heavy carry want truly someone someone talk sit walk even give hug remind im invisible dont friends family nearby understand im going feel sick physically emotionally terrifying go alone sometimes think maybe would easier vanish deep dont want want live want feel seen want connection want share meal laugh feel sun face walking someone cares anyone nearby even want talk online please reach need kindness right im tired pretending im okay im need heard maybe hugged thank reading really,134,0.9856
1kqb0e3,depression,2025-05-19T12:57:00,"Horrorscope claims i’m a freak,perhaps it is right","As i cant post images here I’ll quote what my horrorscope said today

“You can be a freak in one group and perfectly fit in another”

and i feel it’s been extremely and culturally relevant for the last couple of days i’ve had,so the last few days or so i’ve gone from rando to rando playing games i’ve been desperate to play for ages but just not had the people to play with so i resorted to completely new people

No one really likes playing marvel rivals out of the few friends i have left and the one that would happily play it cant as it doesn’t work for them and even if it did their rarely around anyway

Simliar for dbd no one likes and other guy although it works rarely present,so naturally i put myself out there to other people but most follow the same sort of pattern

They seem nice at 1st genuinely having a pleasant conversation of sorts,but after awhile it just feels arkward and falls quiet and even when i try to break the tension i either get ignored or shut down,and after that i never hear anything from em again

And sure all arnt going to like you thats acceptable but when its 5-6 people you can’t just keep saying its others you gotta look in at the mirror at yourself

And although i haven’t been partaking in groups (thank fuck for that because I’d probably get outcasted and abandoned worse then) i still feel the horroscope for today is very relevant 

I do feel like a freak,like i don’t fit or belong anywhere unless it’s with those that i already know like me or have any tiny level of respect for me…but as i sad before their rarely ever around

Just makes me think i guess",3.0,0.0,goodoldnoname923,Moderate MDD,b3d92781f786276ec8b07bd72be2f361b3e4bba3257d621a8760a64fb6be9211,True,cant post images ill quote horrorscope said today freak one group perfectly fit another feel extremely culturally relevant last couple days ive hadso last days ive gone rando rando playing games ive desperate play ages people play resorted completely new people one really likes playing marvel rivals friends left one would happily play cant doesnt work even rarely around anyway simliar dbd one likes guy although works rarely presentso naturally put people follow sort pattern seem nice st genuinely pleasant conversation sortsbut awhile feels arkward falls quiet even try break tension either get ignored shut downand never hear anything em sure arnt going like thats acceptable people cant keep saying others gotta look mirror although havent partaking groups thank fuck id probably get outcasted abandoned worse still feel horroscope today relevant feel like freaklike dont fit belong anywhere unless already know like tiny level respect mebut sad rarely ever around makes think guess,153,0.9855
1kq45s8,depression,2025-05-19T05:39:21,I feel so alone.,"I've had friendship problems for the last 6 years.

In year 7, I moved to a school where I had no friends for over 6 months. Then, at the end of the year, I finally had a relatively stable friend group. 

But the next year, covid hit, and I didn't see them for half the year. It felt like a repeat of year 7 again, but worse. My second closest friend moved schools at the end of year 8, and then states the following year. At the end of year 9, when covid was mostly over, my main friend group collapsed after my closest friend dropped out and the other two stopped talking to me. 

My remaining two friends were a tricky spot for the next year, and making new ones became impossible; I'd involuntarily become the one guy that no one wanted to talk to. I tried fixing my reputation, but nobody seemed to care. For majority of VCE (yr11 and 12), I was all by myself at recess and lunch breaks, and barely had anyone to talk to online. Even when I was with my friends or a social situation, I always felt like the odd one out and as though I didn't belong. Next to no one asked if I was okay, and those that did never showed any sign of care. 

I thought university would be different, but I was wrong. I feel just as lonely, sometimes more than ever. I constantly feel like an outsider and that no one actually likes me. I have almost no friends, once again. Although I have a loving family, I just don't feel that connected with them. 

For as long as I can remember, I've wanted nothing more than to be in a relationship, yet never have, and I doubt I ever will. I feel as though I have so much love to give, but no one to give it to, and it hurts. Sometimes I wish I had some terminal illness so I could die and never have to feel alone again, but not even death will embrace me. 

",3.0,0.0,undying_anomaly,Moderate MDD,9fcf37c6f58a8e81f6872ad8fba123daa14a641bbdc20015d627d0ac93e3ec1b,True,ive friendship problems last years year moved school friends months end year finally relatively stable friend group next year covid hit didnt see half year felt like repeat year worse second closest friend moved schools end year states following year end year covid mostly main friend group collapsed closest friend dropped two stopped talking remaining two friends tricky spot next year making new ones became impossible id involuntarily become one guy one wanted talk tried fixing reputation nobody seemed care majority vce yr recess lunch breaks barely anyone talk online even friends social situation always felt like odd one though didnt belong next one asked okay never showed sign care thought university would different wrong feel lonely sometimes ever constantly feel like outsider one actually likes almost friends although loving family dont feel connected long remember ive wanted nothing relationship yet never doubt ever feel though much love give one give hurts sometimes wish terminal illness could die never feel alone even death embrace,164,0.9626
1kpzsd2,depression,2025-05-19T01:25:13,Yeah I’m never going to ask for help again,"So scary that even with my a therapist that I’m not improving. I feel like 5 steps forward and 10 steps backwards. I’m so tired. I work nonstop to the point that I have no life outside of work, my cat is sick, I can barely maintain my own relationship and I just don’t know what to do anymore. I work nonstop to pay the bills and debts but it seems to be not enough. I can’t spend time with friends, family and partner because there’s no time. I’m all over the place. Damn I’m depressing ",4.0,0.0,nananart,Moderate MDD,3ded299dde6dbcb0d7f6019a71cbbeadb9c6db48699705b17e007ec37b32cf4e,True,scary even therapist im improving feel like steps forward steps backwards im tired work nonstop point life outside work cat sick barely maintain relationship dont know anymore work nonstop pay bills debts seems enough cant spend time friends family partner theres time im place damn im depressing,47,-0.9018
1kq0jgd,depression,2025-05-19T02:06:14,Just need somebody to vent to somebody,"Lately, I’ve been feeling like no one truly understands me. I’m tired of being so sensitive over the smallest things, but I can’t help it — it’s just the way I am. And sometimes I wonder why God made me this way, only for me to end up getting hurt more and misunderstood by the people around me. Whenever I try to express how I feel or confront someone about something they did, it often turns into an argument instead of them trying to understand where I’m coming from. All I really want is for my feelings to be heard and validated. People always wonder why I stay quiet or don’t open up about what’s bothering me — but it’s because I already know how they’ll react. They won’t try to see it through my eyes. And what hurts even more is that when the roles are reversed, I’m the one who listens, who understands, who apologizes. I don’t react with anger — I try to make things right. No wonder I find myself daydreaming about something bad happening to me, just to see if someone would finally care. I just want someone — anyone — to show me they truly care, that they’re here for me, and that they love me without making me feel like I’m too much",3.0,1.0,Otherwise-Offer-4524,Moderate MDD,b8cd9e307b136efba340b714b5275049da3543e6912415444ba01f9774b428cf,True,lately ive feeling like one truly understands im tired sensitive smallest things cant help way sometimes wonder god made way end getting hurt misunderstood people around whenever try express feel confront someone something often turns argument instead trying understand im coming really want feelings heard validated people always wonder stay quiet dont open whats bothering already know theyll react wont try see eyes hurts even roles reversed im one listens understands apologizes dont react anger try make things right wonder find daydreaming something bad happening see someone would finally care want someone anyone show truly care theyre love without making feel like im much,104,-0.0467
1kpye9c,depression,2025-05-19T00:11:34,Audio porn made me sad lol,"So i was listening to this erotic audio on this site and it was so sweet that i cried. Does this happen to hou guys. Am i crazzy.
It was just so loving and accepting of the person. I just wanted to have an actual person say that to me.  Felt so depressing",2.0,6.0,Apprehensive_Ice5105,Moderate MDD,f9d0978bc492a44ab8225b7583a74dea1526cefa84288d0f3e03b4196f03f6a3,True,listening erotic audio site sweet cried happen hou guys crazzy loving accepting person wanted actual person say felt depressing,19,0.7753
1kq7hoe,depression,2025-05-19T09:33:55,I want to die because I’m now in a complete art block,"I tried drawing and nothing was working, I gave it a break and came back but still nothing, I gave it a few days and I feel like I’ve gotten worse at drawing. I’m so frustrated I want to scream. I tried making an inspiration board from a bunch of my favorite artists and stuff I found on Pinterest to spark something but my canvas remains ugly and blank still. I tried emulating the art styles of other people bcus I was so frustrated with my own art but I only made myself more angry. I hate this so much I can’t describe how dang angry and frustrated I am. All of a sudden I am like this, I know how an art block feels and I knew it was going to come soon but I just feel so helpless and useless. I don’t know how long this will last but last time it went on for so many months even a year or 2. I’m so angry and sad I don’t even know what to do. ",9.0,2.0,MSan17,Moderate MDD,be06b8d17fd120e39f7c0f6704b080517e482c276b16b30ca169a197ea8f577d,True,tried drawing nothing working gave break came back still nothing gave days feel like ive gotten worse drawing im frustrated want scream tried making inspiration board bunch favorite artists stuff found pinterest spark something canvas remains ugly blank still tried emulating art styles people bcus frustrated art made angry hate much cant describe dang angry frustrated sudden like know art block feels knew going come soon feel helpless useless dont know long last last time went many months even year im angry sad dont even know,86,-0.9953
1kpmhi7,depression,2025-05-18T15:22:59,searching for peace I’m ending my life in 2 days,"I had planned on ending my life in November but that’s too long away and i’m almost ready i just have to wash my laundry (so my family won’t have to clean anything) The only way i can describe what's going on in my head is i just can’t take it anymore i’ve started having mood swings from hell. As i will be perfectly fine but easily irritated/angry/overstimulated/overwhelmed then 2 mins later i want to end it, like the darkest shit to ever go on in my mind. I can't control them, the depressive swings last for 45 mins up multiple hours then boom i'm okay for 20 mins and repeat. I can’t handle it any longer i’m losing my mind I don’t want this life anymore. I honestly won’t miss anything. The world will keep spinning, me being here or not makes no difference. I’m 1 out of 8.62 billion people not even 0.00001 %. babies are born everyday so the statement “one less person to waste space” isn’t even true so i am worthless here. I stay home in my room alone (because anyone, anything, and everything make me so annoyed, irritated, overstimulated and just angry for no reason) i gonna miss literally nothing. My friends? I don’t have any it’s too draining to keep them. The only person that might miss me is my brother and even if i wish he’d live on he might not and if that happens then at least we’d finally be free of all this and always together. I have to turn to narcotics for my neck pain and my conditions can only get worse, the future will only consist of more meds, more pain, and likely surgery. this life i not worth living. i completely hate myself if i could bear the physical pain i’d completely gash up myself and make me completely unrecognizable something like lewis in smile 2 iykyk. it’s useless, i’m done. I’m ending it soon. I’m making one last family dinner. My final meal will be steak, mashed potatoes, sweet potatoes, peas and a roll. Maybe a banana pudding for dessert. I only posted this to stop talking to myself. Goodbye everyone, I hope you all will have a peaceful and painless life. Hopefully this will brings me relief from all the pain and peace ✌🏼🫶🏼",11.0,4.0,anonymoushuman1216,Moderate MDD,bfb98f678fe6630128c5248a35d7c93eb18e4562e927810793af421cf2332cfd,True,planned ending life november thats long away im almost ready wash laundry family wont clean anything way describe whats going head cant take anymore ive started mood swings hell perfectly fine easily irritatedangryoverstimulatedoverwhelmed mins later want end like darkest shit ever go mind cant control depressive swings last mins multiple hours boom im okay mins repeat cant handle longer im losing mind dont want life anymore honestly wont miss anything world keep spinning makes difference im billion people even babies born everyday statement one less person waste space isnt even true worthless stay home room alone anyone anything everything make annoyed irritated overstimulated angry reason gonna miss literally nothing friends dont draining keep person might miss brother even wish hed live might happens least wed finally free always together turn narcotics neck pain conditions get worse future consist meds pain likely surgery life worth living completely hate could bear physical pain id completely gash make completely unrecognizable something like lewis smile iykyk useless im done im ending soon im making one last family dinner final meal steak mashed potatoes sweet potatoes peas roll maybe banana pudding dessert posted stop talking goodbye everyone hope peaceful painless life hopefully brings relief pain peace,201,-0.9421
1kq8adl,depression,2025-05-19T10:27:19,i don’t know anymore," worst thing i’ve done…but the best? i got out of a toxic situation just to be drowned in debt before i’m even 19. i owe so much in rent and court fees. i lost my job for a period of time and couldn’t pay rent so now i’m getting evicted. i don’t have family because of the way my mom twisted stories. i don’t have friends because i thought that graduating high school would be the perfect time to cut them off. like i don’t have anything but a life of trauma. what do i have to live for? every day i wake up deeper and deeper in depression. i’m trying my hardest to not go back to how i was but how can i stop it? i try to go outside and stop this feeling but day after day, it gets harder to get up. it gets harder to change my cats litter, it gets harder to go to work..everytning just becomes more of a challenge because in the next 3 weeks. i will be on the street. i won’t have a home. government assistance has been proven to be a joke. they don’t take people who got terminated from work (for any reason) but i also have to have a reason within their books to leave my job. i have nothing to wake up and be proud of. some people may say my cat and i love her so dearly but i just haven’t been feeling anything. i hate that i let it get the the numb feeling. but i’m here. i’m at whits end. my back is against the wall and i’m at rock bottom. i’m another statistic. ",2.0,0.0,Worldly_Savings_8327,Moderate MDD,fb84dca17d1efbe3462fadd0b4f5247392d0dc1dac901c1caf2d0226bd5abc8c,True,worst thing ive donebut best got toxic situation drowned debt im even owe much rent court fees lost job period time couldnt pay rent im getting evicted dont family way mom twisted stories dont friends thought graduating high school would perfect time cut like dont anything life trauma live every day wake deeper deeper depression im trying hardest go back stop try go outside stop feeling day day gets harder get gets harder change cats litter gets harder go workeverytning becomes challenge next weeks street wont home government assistance proven joke dont take people got terminated work reason also reason within books leave job nothing wake proud people may say cat love dearly havent feeling anything hate let get numb feeling im im whits end back wall im rock bottom im another statistic,133,-0.3329
1kpoxh6,depression,2025-05-18T17:09:11,I have no future?,"I (23 f) have been struggling with my mental health since I was very young. I have BPD, bipolar, depression,PTSD, and other, and I have been legally mentally disabled since I turned 18. I feel like my life is going nowhere. 
All I do on days where i dont work is wake up, smoke, and stare at the wall.
I have never been to collage, I work at a gas station, I am alone most of the time, I have no drive anymore to do any hobbies I used to love. I feel like I cant function properly in life  like everyone else my age...
I wanna go out but live too far from any friends or family to go out as I don't drive. All my money goes to bills and the rest just to what food I can get...and that's not alot...
I just feel like, what's the point?
I feel like I'm just a waist of air...
Robbed of my childhood just to be tossed into a joke of an adult life.
Am I just useless??
God i hate myself...",5.0,3.0,PsychoDumpster,Moderate MDD,e1b3d87053ff1b19537f22f484452c09cf1cd0095229b805782682f4e690e8a2,True,f struggling mental health since young bpd bipolar depressionptsd legally mentally disabled since turned feel like life going nowhere days dont work wake smoke stare wall never collage work gas station alone time drive anymore hobbies used love feel like cant function properly life like everyone else age wanna go live far friends family go dont drive money goes bills rest food getand thats alot feel like whats point feel like im waist air robbed childhood tossed joke adult life useless god hate,83,0.8732
1kpzyp2,depression,2025-05-19T01:34:56,how do you keep living for someone else?,"I don't want to be here anymore.
my life has reached a point where it is so stressful and so hopeless that I can not see a light at the end of the tunnel anymore. the only thing that keeps me going is thinking about what my death would do to my young children... but as they get older I feel like they don't even need me anymore and probably wouldn't even care that much. if it was all about me I'd check out tomorrow...I don't know how to keep going like this.",1.0,0.0,Macmama811,Moderate MDD,8156b9d86ec435f2ed1306a38ef85af707567c6161ef7d79c67daf82e0a6c2ef,True,dont want anymore life reached point stressful hopeless see light end tunnel anymore thing keeps going thinking death would young children get older feel like dont even need anymore probably wouldnt even care much id check tomorrowi dont know keep going like,42,-0.4714
